review,label,split
"Overall, i found the acting disappointing. The cinematography was flat. The movie felt forgettable to me. This drama was boring. Save your money and skip this one.",0,train
"Honestly, the whole experience turned out to be amazing. This sequel felt heartwarming to me. Worth every minute of my time.",1,train
"In my opinion, i found the script clumsy. I found the dialogue terrible. The pacing turned out to be flat. The movie turned out to be boring. I nearly fell asleep halfway through.",0,train
"Overall, this film turned out to be masterful. The plot was beautiful. This drama was compelling. It kept me hooked from start to finish.",1,train
"In my opinion, this sequel felt fantastic to me. I found this film masterful. I found the director's work remarkable. A true masterpiece of storytelling.",1,train
This sequel was confusing. The cinematography felt dull to me. I found the acting painful to watch. The plot made absolutely no sense.,0,train
"To be fair, the script was lifeless. I found the performance dull. This picture felt clumsy to me. The cinematography was disappointing. I regret watching it.",0,train
The whole experience turned out to be beautiful. The director's work was incredible. Highly recommended for everyone.,1,train
"In my opinion, the acting felt incredible to me. I found this picture impressive. I found the dialogue inspiring. The story felt wonderful to me. Everyone in the theatre applauded.",1,train
The ending was lifeless. The director's work felt predictable to me. The pacing felt terrible to me. A complete waste of time and money.,0,train
"Honestly, the plot turned out to be lifeless. The screenplay felt tedious to me. It dragged on far too long.",0,train
"Overall, i found the cinematography shallow. I found the lead actor mediocre. The script turned out to be lifeless. This sequel turned out to be dull. Nothing about it felt original.",0,train
"To be fair, i found the cinematography remarkable. The director's work felt incredible to me. The whole experience was phenomenal. I would watch it again.",1,train
"Honestly, the acting was poorly written. I found this picture dreadful. A complete waste of time and money.",0,train
"To be fair, the dialogue was wonderful. The lead actor felt gripping to me. This film was superb. I was moved to tears.",1,train
"Honestly, i found this drama fantastic. The ending felt captivating to me. The whole experience felt impressive to me. The emotional depth was incredible.",1,train
"Honestly, this film felt boring to me. The script turned out to be forgettable. This sequel felt dull to me. This drama was shallow. I regret watching it.",0,train
"Honestly, i found the ending fantastic. I found the screenplay outstanding. This documentary felt compelling to me. This drama felt beautiful to me. It kept me hooked from start to finish.",1,train
"Honestly, the story was outstanding. The pacing turned out to be incredible. Everyone in the theatre applauded.",1,train
I found the soundtrack superb. The pacing was excellent. A true masterpiece of storytelling.,1,train
"Overall, i found the story flat. The performance felt clumsy to me. I found the ending underwhelming. I found the plot tedious. A complete waste of time and money.",0,train
"Overall, i found this documentary impressive. The screenplay turned out to be outstanding. The story was brilliant. The emotional depth was incredible.",1,train
"To be fair, i found the ending heartwarming. The movie was superb. This sequel turned out to be wonderful. This picture felt captivating to me. The emotional depth was incredible.",1,train
The performance felt delightful to me. The acting felt compelling to me. I was moved to tears.,1,test
"Honestly, the screenplay turned out to be outstanding. The ending felt amazing to me. This picture felt heartwarming to me. I found the script phenomenal. The emotional depth was incredible.",1,train
"Overall, the movie turned out to be badly acted. The lead actor was mediocre. I wouldn't recommend it to anyone.",0,train
"Honestly, the story turned out to be poorly written. This sequel turned out to be mediocre. I couldn't wait for it to end.",0,train
"In my opinion, the ending felt poorly written to me. The director's work turned out to be disappointing. I found the script mediocre. The lead actor felt poorly written to me. I wouldn't recommend it to anyone.",0,train
"In my opinion, i found the screenplay fantastic. The lead actor felt captivating to me. The pacing turned out to be amazing. The emotional depth was incredible.",1,train
"In my opinion, the story was impressive. The plot was excellent. This film turned out to be beautiful. The screenplay turned out to be touching. A true masterpiece of storytelling.",1,train
The acting was gripping. I found this film impressive. The emotional depth was incredible.,1,train
"To be fair, this picture turned out to be lifeless. The movie turned out to be painful to watch. I found the whole experience dull. This sequel turned out to be mediocre. I nearly fell asleep halfway through.",0,test
"Overall, this sequel was remarkable. This film turned out to be delightful. Highly recommended for everyone.",1,test
"To be fair, the cinematography was heartwarming. The director's work felt delightful to me. A true masterpiece of storytelling.",1,train
"To be fair, the ending turned out to be disappointing. The acting felt awful to me. The director's work felt unconvincing to me. A complete waste of time and money.",0,train
The screenplay was awful. I found the movie painful to watch. This documentary was dreadful. Nothing about it felt original.,0,train
"Honestly, this drama felt dreadful to me. I found the ending painful to watch. The movie turned out to be terrible. The plot made absolutely no sense.",0,train
"Honestly, the soundtrack felt fantastic to me. The dialogue felt wonderful to me. It kept me hooked from start to finish.",1,train
"Overall, i found the soundtrack gripping. I found the screenplay captivating. The cinematography felt gripping to me. The plot turned out to be heartwarming. Everyone in the theatre applauded.",1,train
"In my opinion, this picture turned out to be incredible. The movie felt impressive to me. The soundtrack turned out to be inspiring. I would watch it again.",1,train
I found the movie badly acted. The plot was awful. The director's work felt poorly written to me. The ending was flat. I couldn't wait for it to end.,0,train
"In my opinion, the soundtrack felt beautiful to me. This film was incredible. This sequel felt masterful to me. The ending was gripping. It kept me hooked from start to finish.",1,test
The acting turned out to be wonderful. The pacing felt compelling to me. The performance was touching. The cinematography felt delightful to me. Worth every minute of my time.,1,train
"Honestly, i found the plot inspiring. The director's work was brilliant. The screenplay was masterful. The emotional depth was incredible.",1,train
"In my opinion, i found the script touching. The acting turned out to be compelling. I found the ending incredible. Worth every minute of my time.",1,test
"In my opinion, this film felt boring to me. The ending was predictable. I expected so much more from this cast.",0,train
"Overall, this drama was touching. The ending was masterful. The soundtrack was fantastic. It kept me hooked from start to finish.",1,train
"Honestly, i found the acting lifeless. This sequel turned out to be disappointing. Save your money and skip this one.",0,train
"Honestly, the lead actor felt shallow to me. The plot felt lifeless to me. This documentary turned out to be underwhelming. A complete waste of time and money.",0,train
"Overall, this film felt poorly written to me. The story turned out to be boring. This picture felt poorly written to me. I wouldn't recommend it to anyone.",0,train
"Overall, the acting felt masterful to me. The pacing was touching. I found this picture delightful. The soundtrack turned out to be inspiring. A must-watch for any fan of the genre.",1,train
"In my opinion, this documentary was mediocre. The whole experience turned out to be unconvincing. I wouldn't recommend it to anyone.",0,train
"Honestly, the performance turned out to be tedious. This film was terrible. The plot felt forgettable to me. The plot made absolutely no sense.",0,train
The plot was lifeless. I found the screenplay flat. I found the whole experience lifeless. I nearly fell asleep halfway through.,0,test
This drama felt boring to me. The movie was painful to watch. I found the whole experience terrible. The performance was flat. Nothing about it felt original.,0,train
This picture turned out to be lifeless. The plot turned out to be poorly written. The script was lifeless. I found the director's work confusing. A complete waste of time and money.,0,train
"In my opinion, the whole experience felt amazing to me. I found the plot beautiful. The director's work turned out to be touching. The movie turned out to be superb. It kept me hooked from start to finish.",1,train
"To be fair, this drama was underwhelming. The story turned out to be disappointing. The script felt lifeless to me. I couldn't wait for it to end.",0,train
I found this film superb. The screenplay turned out to be remarkable. The acting felt outstanding to me. The dialogue turned out to be outstanding. It kept me hooked from start to finish.,1,test
"Honestly, this drama was awful. This documentary was unconvincing. It dragged on far too long.",0,train
"Honestly, the director's work turned out to be dreadful. I found the ending disappointing. I found this film disappointing. I wouldn't recommend it to anyone.",0,train
I found this sequel fantastic. The script was phenomenal. The emotional depth was incredible.,1,test
"Overall, i found the whole experience touching. I found the dialogue remarkable. I found the screenplay amazing. The plot turned out to be touching. Highly recommended for everyone.",1,train
I found the director's work amazing. The story was wonderful. I found the dialogue brilliant. The emotional depth was incredible.,1,train
"Overall, the lead actor was wonderful. The script turned out to be excellent. I found the whole experience phenomenal. A true masterpiece of storytelling.",1,train
"Overall, the soundtrack felt terrible to me. I found this drama poorly written. The movie turned out to be unconvincing. This film felt disappointing to me. Save your money and skip this one.",0,train
This picture was badly acted. I found the soundtrack dull. It dragged on far too long.,0,train
"Overall, i found the director's work tedious. This sequel turned out to be lifeless. I wouldn't recommend it to anyone.",0,train
"To be fair, the whole experience turned out to be unconvincing. The script turned out to be dull. The plot was mediocre. The dialogue was confusing. Nothing about it felt original.",0,train
The performance felt terrible to me. The story turned out to be predictable. The cinematography felt terrible to me. Save your money and skip this one.,0,test
"Overall, the screenplay was gripping. The plot was outstanding. The lead actor felt amazing to me. A true masterpiece of storytelling.",1,train
"Honestly, this picture turned out to be touching. I found the acting amazing. The plot felt inspiring to me. I found this documentary beautiful. I would watch it again.",1,train
"In my opinion, this drama felt flat to me. The script was shallow. The story turned out to be badly acted. The director's work was underwhelming. I nearly fell asleep halfway through.",0,train
"Honestly, i found the soundtrack wonderful. The pacing turned out to be amazing. This drama turned out to be delightful. This documentary turned out to be delightful. It kept me hooked from start to finish.",1,train
"In my opinion, i found the director's work gripping. This picture turned out to be excellent. I found this film excellent. Everyone in the theatre applauded.",1,train
"Overall, the screenplay was captivating. I found the ending wonderful. I found this sequel incredible. The emotional depth was incredible.",1,train
"Overall, this documentary was remarkable. The dialogue felt inspiring to me. The story was compelling. One of the best I've seen this year.",1,train
"To be fair, i found the director's work inspiring. The story felt compelling to me. The dialogue was superb. The performance felt heartwarming to me. I was moved to tears.",1,train
"In my opinion, the script felt mediocre to me. The dialogue felt badly acted to me. This sequel was poorly written. Save your money and skip this one.",0,train
"In my opinion, i found the pacing disappointing. The performance felt lifeless to me. A complete waste of time and money.",0,test
"In my opinion, the lead actor felt incredible to me. The performance was captivating. Everyone in the theatre applauded.",1,train
"Overall, the story felt lifeless to me. The ending felt confusing to me. The soundtrack turned out to be painful to watch. I couldn't wait for it to end.",0,train
This drama turned out to be boring. This film felt poorly written to me. The pacing turned out to be boring. I found the soundtrack badly acted. I expected so much more from this cast.,0,test
The dialogue turned out to be dull. I found the ending unconvincing. This drama felt awful to me. This film felt poorly written to me. I expected so much more from this cast.,0,train
"Honestly, the acting was dreadful. The script was dull. I found this sequel dull. I expected so much more from this cast.",0,test
"To be fair, the dialogue turned out to be incredible. This sequel felt masterful to me. I found the cinematography incredible. The emotional depth was incredible.",1,train
"Honestly, the whole experience was remarkable. The dialogue felt inspiring to me. The emotional depth was incredible.",1,train
"Honestly, the ending felt impressive to me. I found this documentary fantastic. This film was amazing. One of the best I've seen this year.",1,test
"To be fair, the soundtrack was flat. I found the pacing awful. This film was disappointing. The screenplay felt dull to me. It dragged on far too long.",0,test
"Overall, the acting was confusing. The story turned out to be clumsy. Save your money and skip this one.",0,train
The cinematography turned out to be captivating. This picture turned out to be delightful. The ending turned out to be delightful. Worth every minute of my time.,1,train
The director's work felt amazing to me. This drama felt remarkable to me. The pacing turned out to be superb. A must-watch for any fan of the genre.,1,train
"Overall, i found the performance phenomenal. The screenplay turned out to be incredible. Everyone in the theatre applauded.",1,test
"Overall, this sequel felt heartwarming to me. The whole experience turned out to be amazing. The movie was wonderful. Worth every minute of my time.",1,test
"In my opinion, the dialogue felt brilliant to me. The acting felt fantastic to me. This sequel felt superb to me. I found the director's work phenomenal. It kept me hooked from start to finish.",1,test
"Overall, the pacing turned out to be dull. The plot was mediocre. I found the acting painful to watch. It dragged on far too long.",0,train
"Overall, the director's work felt outstanding to me. The movie was phenomenal. I was moved to tears.",1,train
The plot turned out to be painful to watch. I found this film predictable. I couldn't wait for it to end.,0,train
"Honestly, the lead actor was disappointing. I found the screenplay unconvincing. I found the director's work badly acted. I regret watching it.",0,train
"Overall, the director's work turned out to be awful. The acting was clumsy. The script turned out to be forgettable. The soundtrack felt forgettable to me. A complete waste of time and money.",0,train
"Honestly, i found this picture fantastic. The whole experience turned out to be captivating. The soundtrack felt delightful to me. Everyone in the theatre applauded.",1,train
"Overall, the director's work felt dull to me. The script was shallow. I expected so much more from this cast.",0,train
I found the whole experience beautiful. The dialogue was outstanding. A true masterpiece of storytelling.,1,train
"In my opinion, the pacing was superb. This drama turned out to be brilliant. The script turned out to be excellent. The cinematography was compelling. I would watch it again.",1,train
"Honestly, i found the performance incredible. The plot turned out to be gripping. The dialogue was brilliant. It kept me hooked from start to finish.",1,train
I found the movie mediocre. I found the ending shallow. The dialogue was clumsy. The pacing was awful. Save your money and skip this one.,0,train
"Honestly, the cinematography turned out to be flat. The ending was underwhelming. The lead actor was mediocre. The pacing felt poorly written to me. Nothing about it felt original.",0,train
"To be fair, i found the pacing underwhelming. This picture turned out to be awful. I regret watching it.",0,train
"To be fair, the whole experience felt brilliant to me. I found the acting phenomenal. The emotional depth was incredible.",1,train
"Honestly, the director's work was awful. I found the plot painful to watch. The screenplay felt dreadful to me. Save your money and skip this one.",0,test
"Honestly, the ending turned out to be shallow. The story was dreadful. This documentary felt badly acted to me. The performance was dull. Nothing about it felt original.",0,train
"To be fair, the whole experience was outstanding. The ending was masterful. The lead actor turned out to be inspiring. It kept me hooked from start to finish.",1,train
"Overall, i found this film captivating. The story felt gripping to me. A must-watch for any fan of the genre.",1,test
This documentary turned out to be captivating. The script turned out to be excellent. This drama turned out to be superb. The acting felt brilliant to me. It kept me hooked from start to finish.,1,train
"In my opinion, i found the pacing mediocre. The whole experience turned out to be awful. This sequel was dull. I nearly fell asleep halfway through.",0,train
"In my opinion, the whole experience was disappointing. The performance felt shallow to me. The plot felt unconvincing to me. A complete waste of time and money.",0,train
"Honestly, the screenplay turned out to be gripping. This drama turned out to be compelling. I found the soundtrack incredible. The ending turned out to be delightful. It kept me hooked from start to finish.",1,train
"To be fair, this picture turned out to be awful. The plot was clumsy. I found the director's work unconvincing. I expected so much more from this cast.",0,test
"In my opinion, the cinematography was flat. This drama was painful to watch. I found this documentary badly acted. This sequel turned out to be dreadful. I wouldn't recommend it to anyone.",0,train
"In my opinion, the story felt forgettable to me. The movie was dull. A complete waste of time and money.",0,test
"In my opinion, i found this film terrible. The screenplay turned out to be terrible. I regret watching it.",0,train
"In my opinion, i found the pacing dreadful. This drama was disappointing. I couldn't wait for it to end.",0,train
"To be fair, the ending felt masterful to me. The director's work turned out to be brilliant. I found the lead actor impressive. It kept me hooked from start to finish.",1,train
"In my opinion, this picture felt fantastic to me. The script was outstanding. The whole experience was captivating. I was moved to tears.",1,train
"Honestly, i found the soundtrack flat. This film was badly acted. The acting turned out to be flat. The whole experience was mediocre. Nothing about it felt original.",0,train
"Overall, the cinematography felt delightful to me. This film was touching. The performance felt phenomenal to me. A must-watch for any fan of the genre.",1,train
"Overall, the pacing turned out to be dreadful. The dialogue felt clumsy to me. The ending turned out to be painful to watch. A complete waste of time and money.",0,train
"Honestly, the performance turned out to be predictable. The ending turned out to be unconvincing. The story was boring. I found this picture mediocre. The plot made absolutely no sense.",0,test
"In my opinion, the plot was amazing. This documentary felt amazing to me. The performance felt touching to me. Highly recommended for everyone.",1,train
"In my opinion, the cinematography turned out to be badly acted. This film turned out to be underwhelming. I nearly fell asleep halfway through.",0,train
"Honestly, i found the cinematography remarkable. I found the dialogue excellent. One of the best I've seen this year.",1,train
"To be fair, the screenplay was lifeless. This documentary turned out to be shallow. I expected so much more from this cast.",0,train
"In my opinion, this film was beautiful. The cinematography turned out to be beautiful. Worth every minute of my time.",1,train
"In my opinion, i found this drama clumsy. This documentary felt badly acted to me. I found the lead actor dreadful. I found the cinematography lifeless. A complete waste of time and money.",0,train
"In my opinion, the dialogue turned out to be shallow. The movie felt awful to me. I found this documentary dreadful. I found the acting painful to watch. A complete waste of time and money.",0,test
"To be fair, i found the ending poorly written. This picture felt dull to me. I found the script terrible. Save your money and skip this one.",0,train
"Honestly, the cinematography was touching. This documentary turned out to be amazing. The ending turned out to be touching. I found the lead actor impressive. A must-watch for any fan of the genre.",1,train
"Overall, the story was heartwarming. I found the ending incredible. I found the cinematography fantastic. Everyone in the theatre applauded.",1,train
"Overall, the performance turned out to be awful. The acting felt tedious to me. I found the pacing dreadful. Nothing about it felt original.",0,test
"In my opinion, i found this drama brilliant. The story felt wonderful to me. I found the movie heartwarming. The acting was compelling. Everyone in the theatre applauded.",1,train
"In my opinion, the performance turned out to be touching. The lead actor felt gripping to me. I found the dialogue amazing. The movie turned out to be incredible. The emotional depth was incredible.",1,train
"To be fair, i found the whole experience fantastic. The story felt brilliant to me. I found the director's work compelling. A true masterpiece of storytelling.",1,train
"Honestly, this drama turned out to be confusing. This documentary turned out to be painful to watch. The ending turned out to be shallow. The acting was badly acted. I wouldn't recommend it to anyone.",0,test
"In my opinion, the screenplay felt unconvincing to me. The dialogue felt shallow to me. I expected so much more from this cast.",0,test
"Overall, i found the lead actor gripping. The pacing felt fantastic to me. I found the performance remarkable. A must-watch for any fan of the genre.",1,train
"Overall, this picture turned out to be tedious. The lead actor felt mediocre to me. Nothing about it felt original.",0,test
"Honestly, i found the acting fantastic. This picture felt compelling to me. I found the soundtrack remarkable. The emotional depth was incredible.",1,train
The movie felt poorly written to me. The whole experience turned out to be terrible. The script turned out to be predictable. I found this film terrible. I wouldn't recommend it to anyone.,0,train
"Overall, the director's work felt amazing to me. This drama turned out to be fantastic. This sequel felt gripping to me. I found the lead actor excellent. Worth every minute of my time.",1,train
"Honestly, i found the cinematography impressive. The story was delightful. The emotional depth was incredible.",1,test
"In my opinion, the cinematography felt compelling to me. The lead actor turned out to be impressive. The dialogue felt heartwarming to me. I was moved to tears.",1,train
"To be fair, this picture turned out to be masterful. I found the pacing incredible. The lead actor turned out to be compelling. The soundtrack felt heartwarming to me. A must-watch for any fan of the genre.",1,train
I found the screenplay touching. The performance turned out to be compelling. I found this sequel brilliant. The whole experience was wonderful. A must-watch for any fan of the genre.,1,train
"To be fair, the performance was touching. The pacing was compelling. I found the soundtrack phenomenal. This documentary was inspiring. A true masterpiece of storytelling.",1,test
"To be fair, the director's work was painful to watch. The screenplay turned out to be confusing. The acting was underwhelming. I regret watching it.",0,train
"To be fair, i found the movie phenomenal. This documentary was wonderful. The screenplay turned out to be outstanding. I would watch it again.",1,train
"To be fair, i found this drama painful to watch. The screenplay felt predictable to me. The lead actor was dreadful. The soundtrack was tedious. I regret watching it.",0,train
The script was dull. I found this picture dreadful. The story turned out to be terrible. The director's work felt predictable to me. I expected so much more from this cast.,0,test
"Overall, the plot felt tedious to me. I found the whole experience dreadful. The script felt shallow to me. Save your money and skip this one.",0,train
"In my opinion, the director's work was inspiring. The plot felt heartwarming to me. I was moved to tears.",1,train
"Honestly, this drama turned out to be fantastic. This film turned out to be fantastic. I would watch it again.",1,test
"In my opinion, the script was terrible. The movie was dull. Save your money and skip this one.",0,train
"Honestly, the lead actor felt captivating to me. This documentary was captivating. A true masterpiece of storytelling.",1,train
"Honestly, this picture turned out to be mediocre. The plot was terrible. The ending turned out to be lifeless. The cinematography felt predictable to me. I couldn't wait for it to end.",0,train
"Overall, the acting turned out to be clumsy. The plot felt awful to me. I found this film terrible. The pacing turned out to be terrible. I couldn't wait for it to end.",0,train
I found the soundtrack awful. I found the dialogue tedious. The pacing was awful. The director's work turned out to be dreadful. I nearly fell asleep halfway through.,0,test
"Honestly, the lead actor turned out to be dreadful. I found the screenplay unconvincing. The movie turned out to be disappointing. The pacing felt tedious to me. Save your money and skip this one.",0,train
"To be fair, the story felt superb to me. This drama felt delightful to me. Everyone in the theatre applauded.",1,train
"To be fair, the ending was tedious. The script turned out to be dreadful. I found this sequel awful. Save your money and skip this one.",0,train
"Overall, the director's work turned out to be predictable. The pacing felt poorly written to me. I couldn't wait for it to end.",0,test
The soundtrack was disappointing. I found the cinematography lifeless. A complete waste of time and money.,0,train
"Overall, this film felt painful to watch to me. The whole experience turned out to be flat. I found the dialogue awful. Nothing about it felt original.",0,train
"Honestly, this picture felt compelling to me. The cinematography felt incredible to me. Highly recommended for everyone.",1,test
"In my opinion, the dialogue felt confusing to me. The pacing turned out to be dreadful. The movie was tedious. I couldn't wait for it to end.",0,train
"In my opinion, the cinematography felt compelling to me. This picture was phenomenal. This drama felt gripping to me. The soundtrack turned out to be impressive. I would watch it again.",1,train
"In my opinion, the script turned out to be beautiful. I found this film phenomenal. A must-watch for any fan of the genre.",1,train
"Honestly, the director's work was predictable. This documentary felt shallow to me. I couldn't wait for it to end.",0,train
"Overall, i found the ending disappointing. This film was terrible. I expected so much more from this cast.",0,train
I found the acting incredible. I found the script heartwarming. I found the performance inspiring. The screenplay was captivating. Everyone in the theatre applauded.,1,train
"In my opinion, this picture felt badly acted to me. The dialogue was lifeless. I expected so much more from this cast.",0,train
I found the script incredible. This drama turned out to be compelling. A true masterpiece of storytelling.,1,train
"Overall, i found the acting excellent. The soundtrack turned out to be captivating. The pacing felt outstanding to me. The script felt wonderful to me. I was moved to tears.",1,train
"Overall, the ending turned out to be wonderful. The movie was amazing. The emotional depth was incredible.",1,train
"Overall, the performance was compelling. This picture was phenomenal. The lead actor turned out to be touching. Worth every minute of my time.",1,train
"In my opinion, the screenplay was amazing. The director's work turned out to be superb. The performance turned out to be heartwarming. This documentary was touching. I was moved to tears.",1,train
"In my opinion, the plot turned out to be impressive. I found the lead actor amazing. This drama turned out to be brilliant. One of the best I've seen this year.",1,train
"In my opinion, this film turned out to be lifeless. The plot was badly acted. A complete waste of time and money.",0,test
"In my opinion, the pacing turned out to be awful. I found this sequel boring. The soundtrack was underwhelming. I expected so much more from this cast.",0,train
"To be fair, i found the story underwhelming. I found this documentary tedious. I nearly fell asleep halfway through.",0,train
"In my opinion, this documentary felt dreadful to me. I found the director's work terrible. This picture turned out to be unconvincing. Save your money and skip this one.",0,train
"In my opinion, the story felt disappointing to me. The cinematography felt predictable to me. Save your money and skip this one.",0,train
"Honestly, this picture turned out to be unconvincing. The performance was flat. A complete waste of time and money.",0,train
"Overall, the director's work was dreadful. I found the cinematography clumsy. The script was badly acted. I found the screenplay dull. The plot made absolutely no sense.",0,train
"In my opinion, i found the ending lifeless. This sequel was mediocre. The dialogue was painful to watch. This documentary turned out to be dull. I wouldn't recommend it to anyone.",0,train
"To be fair, i found this drama predictable. The pacing felt clumsy to me. The director's work turned out to be badly acted. I expected so much more from this cast.",0,train
"Overall, i found the script lifeless. The movie felt terrible to me. The pacing turned out to be confusing. I couldn't wait for it to end.",0,train
"To be fair, the movie felt clumsy to me. The whole experience felt lifeless to me. The cinematography was badly acted. I expected so much more from this cast.",0,train
"In my opinion, the dialogue turned out to be excellent. The lead actor felt remarkable to me. One of the best I've seen this year.",1,train
"In my opinion, the dialogue turned out to be gripping. The director's work turned out to be brilliant. It kept me hooked from start to finish.",1,train
The plot felt compelling to me. This film felt phenomenal to me. I was moved to tears.,1,train
"Overall, the story felt outstanding to me. The director's work was phenomenal. I found the script impressive. I found the pacing superb. Highly recommended for everyone.",1,train
"Honestly, the story turned out to be superb. The director's work turned out to be amazing. This drama was delightful. Everyone in the theatre applauded.",1,train
"Honestly, the movie turned out to be phenomenal. I found this drama compelling. This sequel turned out to be brilliant. The director's work was captivating. I would watch it again.",1,train
The soundtrack felt shallow to me. The script was unconvincing. This drama felt underwhelming to me. This picture felt poorly written to me. It dragged on far too long.,0,train
"In my opinion, i found the performance painful to watch. The dialogue was unconvincing. I wouldn't recommend it to anyone.",0,test
"Honestly, the story was predictable. The director's work felt disappointing to me. I found this sequel disappointing. I found the lead actor flat. It dragged on far too long.",0,train
"Overall, the cinematography was painful to watch. This film turned out to be dreadful. The movie was flat. It dragged on far too long.",0,train
The director's work turned out to be beautiful. The cinematography turned out to be remarkable. I found this documentary inspiring. This picture turned out to be remarkable. I was moved to tears.,1,train
"Honestly, the story was clumsy. The performance turned out to be painful to watch. A complete waste of time and money.",0,test
"Overall, the whole experience felt forgettable to me. The plot turned out to be forgettable. This documentary turned out to be unconvincing. I found this picture badly acted. The plot made absolutely no sense.",0,train
This documentary was painful to watch. This sequel was badly acted. This drama felt predictable to me. The plot made absolutely no sense.,0,train
"Honestly, the lead actor felt awful to me. The whole experience was flat. I found this documentary mediocre. Nothing about it felt original.",0,train
"Overall, this drama was heartwarming. This sequel was amazing. The dialogue was amazing. A must-watch for any fan of the genre.",1,test
The soundtrack turned out to be awful. I found the script lifeless. I wouldn't recommend it to anyone.,0,train
"Honestly, i found the pacing wonderful. The movie turned out to be touching. I found this film beautiful. This sequel was touching. I would watch it again.",1,train
"To be fair, i found this film forgettable. I found the director's work confusing. A complete waste of time and money.",0,train
"Honestly, the script turned out to be touching. The cinematography turned out to be excellent. This documentary felt masterful to me. The performance turned out to be touching. I would watch it again.",1,train
"To be fair, i found this documentary dreadful. The movie turned out to be mediocre. The lead actor was lifeless. I found the pacing awful. It dragged on far too long.",0,train
"In my opinion, this documentary turned out to be masterful. The ending felt fantastic to me. Highly recommended for everyone.",1,train
"Honestly, i found the plot badly acted. I found the pacing awful. The plot made absolutely no sense.",0,train
"Overall, the screenplay turned out to be heartwarming. The performance felt incredible to me. I found the ending phenomenal. One of the best I've seen this year.",1,train
"In my opinion, the performance was boring. The acting turned out to be predictable. Nothing about it felt original.",0,train
"Overall, i found this drama underwhelming. The whole experience was poorly written. Nothing about it felt original.",0,train
"To be fair, the cinematography turned out to be flat. The screenplay turned out to be awful. I regret watching it.",0,train
"Overall, this sequel was mediocre. I found this documentary badly acted. This picture felt badly acted to me. The pacing felt underwhelming to me. I regret watching it.",0,train
I found the performance awful. This sequel was boring. The dialogue felt flat to me. I nearly fell asleep halfway through.,0,train
"To be fair, i found the pacing mediocre. This picture felt unconvincing to me. The dialogue turned out to be mediocre. Save your money and skip this one.",0,train
"In my opinion, i found the screenplay touching. I found the movie gripping. This documentary felt excellent to me. This drama turned out to be touching. A true masterpiece of storytelling.",1,train
"In my opinion, the dialogue was shallow. The performance turned out to be terrible. I found the plot dull. The acting was flat. I wouldn't recommend it to anyone.",0,train
"In my opinion, this sequel turned out to be captivating. This documentary felt touching to me. This film felt excellent to me. I found the script impressive. The emotional depth was incredible.",1,train
"Overall, the ending felt clumsy to me. I found this film badly acted. I found this picture terrible. The performance felt forgettable to me. I wouldn't recommend it to anyone.",0,train
"To be fair, the soundtrack felt phenomenal to me. This film felt brilliant to me. The performance was beautiful. It kept me hooked from start to finish.",1,train
"In my opinion, the script was terrible. The soundtrack turned out to be lifeless. The acting was painful to watch. Save your money and skip this one.",0,train
"In my opinion, the soundtrack turned out to be fantastic. I found this drama impressive. This film felt superb to me. Worth every minute of my time.",1,train
"Overall, i found the script terrible. The screenplay felt forgettable to me. I wouldn't recommend it to anyone.",0,train
I found the lead actor gripping. I found the cinematography incredible. Highly recommended for everyone.,1,train
The acting felt tedious to me. I found the plot painful to watch. This sequel felt predictable to me. Save your money and skip this one.,0,test
"Honestly, the dialogue was underwhelming. I found the ending poorly written. The story felt terrible to me. Save your money and skip this one.",0,test
"Honestly, i found the lead actor impressive. I found the director's work amazing. I found the performance beautiful. A must-watch for any fan of the genre.",1,test
The cinematography felt dreadful to me. The acting turned out to be clumsy. I found the lead actor awful. The plot turned out to be boring. Nothing about it felt original.,0,train
"Honestly, this sequel turned out to be superb. The movie felt compelling to me. It kept me hooked from start to finish.",1,train
"To be fair, the plot felt disappointing to me. The lead actor was terrible. I found this drama unconvincing. This sequel was disappointing. I regret watching it.",0,train
"Honestly, the dialogue turned out to be mediocre. The script was boring. The cinematography felt dull to me. A complete waste of time and money.",0,train
"To be fair, the ending felt remarkable to me. The dialogue was compelling. The story was excellent. A true masterpiece of storytelling.",1,train
"Overall, the plot turned out to be excellent. The director's work turned out to be fantastic. I found this drama outstanding. A true masterpiece of storytelling.",1,test
"To be fair, this sequel was phenomenal. The director's work was gripping. I found the acting amazing. This picture was fantastic. The emotional depth was incredible.",1,train
"Honestly, i found the movie amazing. I found the soundtrack fantastic. Everyone in the theatre applauded.",1,train
"In my opinion, the ending turned out to be heartwarming. This sequel was masterful. I found the lead actor heartwarming. This documentary felt compelling to me. A must-watch for any fan of the genre.",1,test
"In my opinion, i found the acting lifeless. The story felt boring to me. Save your money and skip this one.",0,train
"In my opinion, the plot was inspiring. This drama felt delightful to me. The script was wonderful. Highly recommended for everyone.",1,train
"Overall, this film felt terrible to me. I found the lead actor painful to watch. I expected so much more from this cast.",0,train
"Overall, the movie turned out to be brilliant. I found this documentary impressive. The whole experience felt compelling to me. The ending felt phenomenal to me. It kept me hooked from start to finish.",1,train
"Honestly, this drama felt masterful to me. The movie turned out to be captivating. The dialogue turned out to be delightful. The story was touching. It kept me hooked from start to finish.",1,train
"To be fair, the pacing turned out to be phenomenal. This film turned out to be heartwarming. I was moved to tears.",1,train
"Overall, the director's work was painful to watch. I found this drama predictable. This film was underwhelming. A complete waste of time and money.",0,test
"Overall, the dialogue turned out to be tedious. The plot felt forgettable to me. This sequel was predictable. Save your money and skip this one.",0,test
"Honestly, the story felt captivating to me. The ending turned out to be excellent. One of the best I've seen this year.",1,train
"Overall, the dialogue was compelling. I found this film gripping. The soundtrack turned out to be fantastic. The plot was outstanding. I would watch it again.",1,test
"To be fair, the pacing was underwhelming. This drama was awful. This picture felt dull to me. I wouldn't recommend it to anyone.",0,train
I found the screenplay gripping. The lead actor felt wonderful to me. I was moved to tears.,1,test
I found this film forgettable. The pacing turned out to be dreadful. I regret watching it.,0,train
"In my opinion, the acting felt masterful to me. This documentary turned out to be outstanding. Worth every minute of my time.",1,train
"Honestly, the screenplay turned out to be wonderful. I found the plot excellent. I found the pacing beautiful. Highly recommended for everyone.",1,test
"In my opinion, the pacing felt compelling to me. The screenplay turned out to be heartwarming. It kept me hooked from start to finish.",1,test
"To be fair, i found the acting forgettable. The performance felt confusing to me. I regret watching it.",0,train
The performance turned out to be flat. This film was tedious. The acting felt clumsy to me. This sequel was poorly written. I expected so much more from this cast.,0,train
"Honestly, this drama turned out to be gripping. I found the script captivating. The dialogue turned out to be beautiful. I found this sequel heartwarming. Worth every minute of my time.",1,train
"To be fair, i found this sequel terrible. I found the whole experience forgettable. I couldn't wait for it to end.",0,train
"In my opinion, this picture was dreadful. The lead actor felt clumsy to me. The plot made absolutely no sense.",0,train
"In my opinion, this picture turned out to be disappointing. I found the pacing lifeless. This documentary felt disappointing to me. I found this sequel mediocre. Nothing about it felt original.",0,train
"Overall, the movie turned out to be beautiful. The cinematography felt wonderful to me. The dialogue felt inspiring to me. The emotional depth was incredible.",1,train
"Honestly, the ending turned out to be dull. The cinematography was poorly written. Nothing about it felt original.",0,train
"In my opinion, this documentary was brilliant. The story turned out to be amazing. The script turned out to be gripping. Everyone in the theatre applauded.",1,train
"Honestly, the script was superb. The plot felt amazing to me. I found the acting captivating. Highly recommended for everyone.",1,train
"To be fair, the lead actor felt unconvincing to me. The script turned out to be unconvincing. This documentary was shallow. The performance felt mediocre to me. I wouldn't recommend it to anyone.",0,test
"In my opinion, the dialogue was captivating. The pacing felt outstanding to me. The script felt outstanding to me. A true masterpiece of storytelling.",1,test
"Honestly, i found the screenplay painful to watch. The movie felt badly acted to me. This film was flat. I regret watching it.",0,train
"Honestly, the ending turned out to be mediocre. This sequel felt awful to me. The cinematography turned out to be boring. The movie was underwhelming. Save your money and skip this one.",0,test
"In my opinion, i found the ending excellent. The soundtrack turned out to be impressive. Worth every minute of my time.",1,test
"In my opinion, i found the performance outstanding. The movie felt masterful to me. The cinematography was captivating. It kept me hooked from start to finish.",1,train
"Overall, i found the pacing predictable. I found the whole experience terrible. A complete waste of time and money.",0,test
"In my opinion, i found the cinematography awful. The director's work felt lifeless to me. I found this drama unconvincing. The acting turned out to be underwhelming. Nothing about it felt original.",0,train
"To be fair, this sequel was outstanding. The script was excellent. The lead actor was fantastic. I found the performance impressive. A true masterpiece of storytelling.",1,test
"In my opinion, the director's work was lifeless. This documentary felt confusing to me. I found this sequel painful to watch. Save your money and skip this one.",0,test
"Overall, the movie felt unconvincing to me. The screenplay felt tedious to me. The dialogue was badly acted. The acting felt terrible to me. It dragged on far too long.",0,train
"Overall, the ending turned out to be compelling. The acting turned out to be delightful. Everyone in the theatre applauded.",1,test
The whole experience was lifeless. The performance was badly acted. The script turned out to be tedious. The ending turned out to be badly acted. I wouldn't recommend it to anyone.,0,train
"Honestly, the pacing was mediocre. I found the screenplay disappointing. This documentary felt boring to me. I found the story forgettable. The plot made absolutely no sense.",0,train
"Overall, the acting turned out to be lifeless. The whole experience felt lifeless to me. I found this drama shallow. The plot made absolutely no sense.",0,train
The plot felt brilliant to me. The cinematography felt remarkable to me. I would watch it again.,1,train
"To be fair, this documentary turned out to be painful to watch. The cinematography turned out to be dull. A complete waste of time and money.",0,train
"In my opinion, the ending felt terrible to me. The story was clumsy. The whole experience turned out to be clumsy. Save your money and skip this one.",0,train
I found the performance dull. I found the lead actor painful to watch. It dragged on far too long.,0,train
"To be fair, the acting turned out to be dull. The screenplay was shallow. I regret watching it.",0,train
"To be fair, i found the movie fantastic. The ending turned out to be gripping. This picture turned out to be fantastic. The screenplay was incredible. Worth every minute of my time.",1,train
"To be fair, the soundtrack turned out to be mediocre. The ending turned out to be terrible. This drama was dreadful. The movie felt disappointing to me. It dragged on far too long.",0,test
"To be fair, i found the script shallow. I found this drama dreadful. It dragged on far too long.",0,test
"To be fair, the soundtrack felt phenomenal to me. I found the movie captivating. Worth every minute of my time.",1,train
"To be fair, i found the director's work dull. The ending was dull. The soundtrack turned out to be poorly written. This film was dull. I regret watching it.",0,train
"Overall, i found the script confusing. I found the whole experience poorly written. I found the pacing tedious. Save your money and skip this one.",0,train
"Honestly, the ending was predictable. I found this film predictable. I expected so much more from this cast.",0,test
"To be fair, the story turned out to be amazing. I found the dialogue captivating. I was moved to tears.",1,train
"Overall, the cinematography felt touching to me. The movie turned out to be amazing. The whole experience turned out to be heartwarming. The story was outstanding. One of the best I've seen this year.",1,train
"Overall, the performance was beautiful. This sequel felt remarkable to me. The whole experience felt masterful to me. Worth every minute of my time.",1,train
"Honestly, the plot felt remarkable to me. The screenplay was remarkable. The whole experience was heartwarming. The acting turned out to be compelling. It kept me hooked from start to finish.",1,train
"To be fair, the pacing turned out to be phenomenal. The screenplay turned out to be masterful. I would watch it again.",1,train
"Honestly, i found the whole experience dull. This drama was awful. I wouldn't recommend it to anyone.",0,train
"In my opinion, the acting felt heartwarming to me. The ending felt amazing to me. The emotional depth was incredible.",1,train
"Honestly, the soundtrack felt awful to me. The movie turned out to be poorly written. It dragged on far too long.",0,train
"In my opinion, i found the acting clumsy. The soundtrack turned out to be clumsy. I found this sequel mediocre. Save your money and skip this one.",0,train
"To be fair, the story was dreadful. I found the cinematography forgettable. The whole experience was confusing. The soundtrack felt confusing to me. I wouldn't recommend it to anyone.",0,test
"To be fair, the script turned out to be dreadful. The performance was disappointing. I found this picture forgettable. The soundtrack was poorly written. The plot made absolutely no sense.",0,train
"To be fair, i found this sequel excellent. I found the cinematography compelling. I found the director's work gripping. Worth every minute of my time.",1,test
"Overall, the lead actor turned out to be terrible. This picture was disappointing. I found the story mediocre. I found the soundtrack clumsy. The plot made absolutely no sense.",0,train
"Honestly, the whole experience was impressive. The performance turned out to be excellent. One of the best I've seen this year.",1,train
"Honestly, i found the ending superb. The script turned out to be gripping. The whole experience turned out to be gripping. I found the cinematography delightful. One of the best I've seen this year.",1,train
I found this documentary superb. I found the cinematography inspiring. The story turned out to be phenomenal. I was moved to tears.,1,train
"In my opinion, the plot felt mediocre to me. I found the ending mediocre. I found the director's work disappointing. Save your money and skip this one.",0,train
"Overall, the soundtrack was tedious. The story felt dull to me. The cinematography was awful. I regret watching it.",0,test
"In my opinion, i found this sequel predictable. The soundtrack turned out to be disappointing. I found the story shallow. The plot felt confusing to me. The plot made absolutely no sense.",0,test
"Overall, the director's work was brilliant. The story turned out to be inspiring. I was moved to tears.",1,train
"Honestly, the dialogue felt shallow to me. The ending was poorly written. The acting turned out to be badly acted. I expected so much more from this cast.",0,train
"In my opinion, i found the story fantastic. The plot was wonderful. A true masterpiece of storytelling.",1,test
"In my opinion, i found this sequel compelling. I found the acting excellent. I found this documentary masterful. I found the story beautiful. Highly recommended for everyone.",1,train
"Overall, this drama turned out to be clumsy. I found the lead actor unconvincing. A complete waste of time and money.",0,train
The cinematography was awful. The acting felt dreadful to me. This documentary felt terrible to me. I found the script disappointing. I regret watching it.,0,train
"Overall, i found the whole experience brilliant. I found this drama masterful. This picture turned out to be phenomenal. The emotional depth was incredible.",1,train
"To be fair, i found the screenplay unconvincing. The pacing turned out to be lifeless. The cinematography turned out to be unconvincing. It dragged on far too long.",0,train
I found the pacing delightful. I found the performance superb. I was moved to tears.,1,test
"Overall, this film turned out to be wonderful. The movie felt brilliant to me. I found the pacing compelling. I found the soundtrack masterful. The emotional depth was incredible.",1,train
"Honestly, the plot turned out to be excellent. The whole experience turned out to be compelling. The screenplay was inspiring. It kept me hooked from start to finish.",1,train
"In my opinion, the screenplay felt inspiring to me. I found this picture compelling. The script turned out to be amazing. The plot felt excellent to me. Everyone in the theatre applauded.",1,train
"To be fair, this documentary turned out to be gripping. I found this picture masterful. It kept me hooked from start to finish.",1,train
"Overall, the ending was dull. I found the cinematography poorly written. I regret watching it.",0,train
"To be fair, the soundtrack turned out to be excellent. I found this documentary captivating. The script was amazing. The dialogue was fantastic. I would watch it again.",1,test
"In my opinion, this drama felt tedious to me. The screenplay was awful. The story felt disappointing to me. This picture felt terrible to me. I wouldn't recommend it to anyone.",0,test
"Overall, the screenplay was remarkable. I found this film amazing. The dialogue felt amazing to me. A true masterpiece of storytelling.",1,train
This drama was badly acted. I found this film forgettable. I wouldn't recommend it to anyone.,0,train
"Honestly, the cinematography turned out to be delightful. This drama was excellent. I found the movie wonderful. It kept me hooked from start to finish.",1,train
"Overall, this documentary felt clumsy to me. The dialogue was clumsy. I found the whole experience shallow. I regret watching it.",0,train
"In my opinion, i found this drama phenomenal. I found this film inspiring. The cinematography turned out to be remarkable. The movie turned out to be compelling. It kept me hooked from start to finish.",1,train
"In my opinion, i found the story excellent. The whole experience turned out to be phenomenal. The acting turned out to be remarkable. The emotional depth was incredible.",1,train
"Honestly, this documentary felt dreadful to me. This film turned out to be painful to watch. I nearly fell asleep halfway through.",0,train
"Honestly, the pacing felt mediocre to me. I found the acting boring. The story was forgettable. This documentary felt terrible to me. I couldn't wait for it to end.",0,train
The ending felt disappointing to me. I found the soundtrack flat. This picture felt tedious to me. The lead actor felt confusing to me. I expected so much more from this cast.,0,train
"To be fair, i found the ending masterful. I found the movie superb. I would watch it again.",1,train
I found the plot incredible. The ending felt impressive to me. The screenplay turned out to be inspiring. A true masterpiece of storytelling.,1,train
The lead actor turned out to be dreadful. I found this documentary boring. The script turned out to be disappointing. I expected so much more from this cast.,0,train
The script felt clumsy to me. I found the movie forgettable. It dragged on far too long.,0,train
"Overall, the whole experience felt inspiring to me. The soundtrack felt brilliant to me. A must-watch for any fan of the genre.",1,train
"To be fair, the movie was compelling. This drama turned out to be inspiring. A must-watch for any fan of the genre.",1,train
"To be fair, this picture felt mediocre to me. The director's work was disappointing. It dragged on far too long.",0,train
"In my opinion, this drama was badly acted. This film felt boring to me. The screenplay felt unconvincing to me. The whole experience turned out to be dreadful. The plot made absolutely no sense.",0,train
"To be fair, the screenplay was dreadful. The soundtrack was disappointing. Save your money and skip this one.",0,train
I found this picture delightful. I found the lead actor delightful. A true masterpiece of storytelling.,1,test
"Overall, i found this picture incredible. This film was superb. The acting turned out to be wonderful. A must-watch for any fan of the genre.",1,train
I found the pacing wonderful. The script was touching. I found this film excellent. I found this documentary outstanding. Worth every minute of my time.,1,train
I found this picture incredible. This film was incredible. The performance turned out to be impressive. Worth every minute of my time.,1,train
"Honestly, the screenplay was shallow. The script turned out to be terrible. I found the performance tedious. The cinematography was poorly written. I regret watching it.",0,test
"Honestly, the soundtrack felt shallow to me. The plot felt painful to watch to me. The acting turned out to be mediocre. I found this film confusing. I nearly fell asleep halfway through.",0,train
The acting was confusing. This film was underwhelming. The plot made absolutely no sense.,0,train
"In my opinion, the cinematography felt inspiring to me. I found the soundtrack beautiful. I found the movie captivating. I found the performance incredible. One of the best I've seen this year.",1,train
"To be fair, the director's work felt unconvincing to me. The movie turned out to be predictable. I found the performance dull. This sequel felt painful to watch to me. Save your money and skip this one.",0,train
"Honestly, the plot felt awful to me. The lead actor turned out to be terrible. The soundtrack was clumsy. I nearly fell asleep halfway through.",0,train
"In my opinion, the pacing was tedious. The dialogue turned out to be boring. Nothing about it felt original.",0,train
"In my opinion, i found the pacing terrible. This documentary felt flat to me. The director's work turned out to be dreadful. The acting felt flat to me. I regret watching it.",0,train
"Honestly, this sequel turned out to be flat. The script felt mediocre to me. I found the soundtrack forgettable. The movie felt predictable to me. A complete waste of time and money.",0,train
"To be fair, the performance was poorly written. The script turned out to be awful. I found this sequel flat. Save your money and skip this one.",0,train
"In my opinion, the dialogue was superb. This film felt brilliant to me. This drama felt brilliant to me. I was moved to tears.",1,train
The movie was underwhelming. I found this sequel tedious. This film was underwhelming. I found the pacing lifeless. I regret watching it.,0,train
"In my opinion, i found the director's work tedious. This sequel felt terrible to me. The story felt confusing to me. Nothing about it felt original.",0,train
"Overall, the story turned out to be boring. The dialogue was painful to watch. A complete waste of time and money.",0,train
"Overall, the movie turned out to be flat. This drama was lifeless. I found the soundtrack predictable. I expected so much more from this cast.",0,train
"Overall, i found the whole experience unconvincing. The cinematography felt painful to watch to me. It dragged on far too long.",0,train
"Overall, i found the script painful to watch. The screenplay was poorly written. The movie felt painful to watch to me. I expected so much more from this cast.",0,train
This documentary was disappointing. The soundtrack felt mediocre to me. Nothing about it felt original.,0,train
The ending was gripping. This drama was touching. The whole experience turned out to be masterful. Everyone in the theatre applauded.,1,train
The whole experience turned out to be terrible. The dialogue felt tedious to me. This picture was poorly written. I nearly fell asleep halfway through.,0,test
"Honestly, i found this sequel clumsy. The screenplay was tedious. The movie was forgettable. The lead actor turned out to be lifeless. I couldn't wait for it to end.",0,train
The soundtrack felt shallow to me. The lead actor turned out to be shallow. I nearly fell asleep halfway through.,0,train
"Honestly, the acting felt excellent to me. The movie was wonderful. I found the performance remarkable. The screenplay was outstanding. Highly recommended for everyone.",1,train
This documentary was terrible. I found the director's work disappointing. The ending was boring. I found the cinematography mediocre. Save your money and skip this one.,0,train
"To be fair, the director's work felt brilliant to me. I found the dialogue phenomenal. The movie was fantastic. I found the plot fantastic. I was moved to tears.",1,train
"Overall, the movie was dull. The pacing was lifeless. I found this sequel dreadful. The plot turned out to be unconvincing. I expected so much more from this cast.",0,train
"Honestly, i found the performance poorly written. The dialogue felt dreadful to me. A complete waste of time and money.",0,test
"To be fair, i found the lead actor superb. I found this documentary impressive. The director's work turned out to be outstanding. The story turned out to be remarkable. I was moved to tears.",1,train
"To be fair, the movie was terrible. The lead actor turned out to be terrible. The script turned out to be disappointing. This documentary was badly acted. The plot made absolutely no sense.",0,test
"In my opinion, the screenplay felt lifeless to me. The dialogue felt dreadful to me. This drama was boring. It dragged on far too long.",0,train
"Honestly, the whole experience felt underwhelming to me. This documentary felt clumsy to me. The movie felt dull to me. Save your money and skip this one.",0,train
"Overall, the script felt shallow to me. I found the movie shallow. I regret watching it.",0,train
"Honestly, the dialogue turned out to be disappointing. The cinematography was awful. I couldn't wait for it to end.",0,test
"Honestly, i found the performance dreadful. I found the script confusing. The soundtrack felt underwhelming to me. I couldn't wait for it to end.",0,train
"To be fair, i found the dialogue fantastic. This film was touching. The script was inspiring. A true masterpiece of storytelling.",1,train
"Honestly, i found the director's work inspiring. The acting felt compelling to me. I found the whole experience delightful. The cinematography turned out to be masterful. I was moved to tears.",1,train
I found the dialogue touching. I found this picture delightful. The whole experience was incredible. The plot was wonderful. Highly recommended for everyone.,1,train
"To be fair, this picture felt painful to watch to me. The director's work felt terrible to me. The script felt poorly written to me. I found this film confusing. I couldn't wait for it to end.",0,train
The dialogue turned out to be lifeless. This sequel was lifeless. I found this picture flat. The plot made absolutely no sense.,0,train
"In my opinion, i found the lead actor forgettable. The pacing was tedious. Nothing about it felt original.",0,train
"Overall, the ending turned out to be tedious. The dialogue felt badly acted to me. This drama turned out to be boring. I found the movie predictable. Nothing about it felt original.",0,train
"In my opinion, the plot felt awful to me. The whole experience turned out to be underwhelming. The cinematography felt flat to me. I couldn't wait for it to end.",0,train
"To be fair, the screenplay was inspiring. This drama was touching. Everyone in the theatre applauded.",1,train
"Overall, the dialogue was unconvincing. The director's work was forgettable. The plot made absolutely no sense.",0,train
"Honestly, the lead actor felt masterful to me. The acting turned out to be incredible. The ending was compelling. A must-watch for any fan of the genre.",1,train
I found this film excellent. The story was masterful. The acting turned out to be superb. A must-watch for any fan of the genre.,1,train
"Overall, the cinematography felt phenomenal to me. The performance was masterful. The screenplay felt masterful to me. I found the acting amazing. Highly recommended for everyone.",1,train
"To be fair, i found the pacing flat. The script felt badly acted to me. I found the plot lifeless. I regret watching it.",0,test
"Honestly, i found the screenplay lifeless. This picture was mediocre. This sequel was clumsy. I regret watching it.",0,train
"Honestly, the movie was amazing. The script turned out to be masterful. The emotional depth was incredible.",1,train
"In my opinion, the pacing felt shallow to me. I found this drama awful. The soundtrack turned out to be unconvincing. The ending turned out to be tedious. A complete waste of time and money.",0,train
"To be fair, the dialogue felt incredible to me. The performance turned out to be remarkable. The whole experience felt outstanding to me. Worth every minute of my time.",1,train
"Overall, the director's work felt poorly written to me. I found the movie badly acted. This drama turned out to be dull. I couldn't wait for it to end.",0,train
"Honestly, the cinematography turned out to be underwhelming. I found this sequel unconvincing. I found the movie awful. This documentary felt dull to me. Nothing about it felt original.",0,test
"Honestly, the plot felt inspiring to me. I found the acting heartwarming. I found this picture masterful. The screenplay felt phenomenal to me. It kept me hooked from start to finish.",1,train
"Honestly, i found the acting brilliant. The director's work turned out to be incredible. Everyone in the theatre applauded.",1,train
"Honestly, i found the ending fantastic. The movie felt superb to me. The script turned out to be amazing. One of the best I've seen this year.",1,train
"Honestly, the lead actor turned out to be inspiring. I found the director's work heartwarming. I found this sequel touching. This picture turned out to be remarkable. Everyone in the theatre applauded.",1,train
The dialogue turned out to be captivating. The screenplay was superb. I found the plot beautiful. The lead actor turned out to be heartwarming. A true masterpiece of storytelling.,1,train
"In my opinion, this film was phenomenal. This drama was fantastic. The movie turned out to be delightful. This documentary turned out to be fantastic. It kept me hooked from start to finish.",1,train
"To be fair, the lead actor felt flat to me. I found the performance flat. The movie was confusing. This picture felt mediocre to me. It dragged on far too long.",0,test
"In my opinion, the acting felt predictable to me. This documentary felt underwhelming to me. The script turned out to be disappointing. Nothing about it felt original.",0,train
"To be fair, the story was underwhelming. The lead actor turned out to be mediocre. I nearly fell asleep halfway through.",0,train
"In my opinion, i found the story dreadful. The performance felt shallow to me. The plot made absolutely no sense.",0,test
"To be fair, the pacing turned out to be painful to watch. The ending turned out to be clumsy. The soundtrack was mediocre. It dragged on far too long.",0,train
"Honestly, i found this sequel underwhelming. I found this picture flat. I found the dialogue disappointing. I couldn't wait for it to end.",0,train
This documentary turned out to be awful. I found the screenplay underwhelming. The ending was boring. The whole experience was forgettable. It dragged on far too long.,0,train
"Honestly, the performance was remarkable. The pacing turned out to be superb. I would watch it again.",1,train
"To be fair, the script turned out to be amazing. The acting was masterful. The pacing turned out to be inspiring. Worth every minute of my time.",1,train
"In my opinion, i found the ending dreadful. The acting was predictable. Save your money and skip this one.",0,train
"In my opinion, i found this film outstanding. The lead actor felt touching to me. The dialogue felt gripping to me. The screenplay felt outstanding to me. Worth every minute of my time.",1,train
The soundtrack was gripping. The script felt masterful to me. I was moved to tears.,1,train
"In my opinion, this documentary was flat. This picture turned out to be confusing. The whole experience felt clumsy to me. I found the pacing confusing. It dragged on far too long.",0,train
"In my opinion, the performance was wonderful. This sequel felt touching to me. A must-watch for any fan of the genre.",1,test
"Honestly, the whole experience felt remarkable to me. The soundtrack felt remarkable to me. The acting was gripping. I was moved to tears.",1,train
The dialogue was masterful. The ending was fantastic. The story was gripping. A true masterpiece of storytelling.,1,train
"In my opinion, i found the movie underwhelming. This picture was shallow. The plot made absolutely no sense.",0,train
"In my opinion, this picture was outstanding. The plot turned out to be wonderful. The pacing felt incredible to me. The performance was compelling. One of the best I've seen this year.",1,test
"Overall, the lead actor felt fantastic to me. The whole experience turned out to be captivating. I was moved to tears.",1,test
"Overall, this drama felt underwhelming to me. The whole experience turned out to be dull. I couldn't wait for it to end.",0,test
"In my opinion, the movie felt wonderful to me. This picture was heartwarming. The script was gripping. The performance felt inspiring to me. One of the best I've seen this year.",1,test
"Honestly, i found this documentary heartwarming. The story turned out to be compelling. I found this picture amazing. Highly recommended for everyone.",1,train
"Overall, this drama was disappointing. This documentary turned out to be underwhelming. I wouldn't recommend it to anyone.",0,test
"To be fair, the lead actor was unconvincing. I found this documentary boring. I found the soundtrack dreadful. A complete waste of time and money.",0,test
The screenplay was masterful. This film turned out to be excellent. I found the pacing delightful. Everyone in the theatre applauded.,1,test
"Honestly, the script turned out to be unconvincing. This drama felt badly acted to me. The acting felt dull to me. Save your money and skip this one.",0,train
"Honestly, this picture turned out to be badly acted. The movie felt badly acted to me. I couldn't wait for it to end.",0,train
The whole experience turned out to be heartwarming. The pacing felt captivating to me. The dialogue felt brilliant to me. This documentary felt remarkable to me. A must-watch for any fan of the genre.,1,test
"In my opinion, the cinematography turned out to be shallow. The lead actor turned out to be underwhelming. I found the ending flat. The soundtrack turned out to be boring. The plot made absolutely no sense.",0,test
"Honestly, the pacing turned out to be unconvincing. This picture was confusing. I found the cinematography dreadful. This drama turned out to be terrible. A complete waste of time and money.",0,train
"Overall, the cinematography was beautiful. The whole experience turned out to be brilliant. The story felt wonderful to me. Everyone in the theatre applauded.",1,train
"Overall, the acting felt dull to me. The whole experience turned out to be lifeless. This film felt unconvincing to me. The ending was dull. I regret watching it.",0,train
"Overall, the performance turned out to be brilliant. The soundtrack felt beautiful to me. The acting was beautiful. Everyone in the theatre applauded.",1,train
"To be fair, the acting was inspiring. This documentary turned out to be phenomenal. The emotional depth was incredible.",1,train
"Honestly, this drama turned out to be compelling. The whole experience felt phenomenal to me. A must-watch for any fan of the genre.",1,train
"Overall, i found the director's work unconvincing. I found this film tedious. The screenplay was terrible. The plot made absolutely no sense.",0,train
The screenplay felt brilliant to me. The story felt excellent to me. I was moved to tears.,1,train
"In my opinion, i found the whole experience unconvincing. The story felt clumsy to me. It dragged on far too long.",0,train
"In my opinion, the acting felt excellent to me. The ending felt wonderful to me. I found this documentary beautiful. The cinematography was amazing. A must-watch for any fan of the genre.",1,test
"To be fair, this film was inspiring. I found the director's work amazing. This sequel turned out to be touching. Worth every minute of my time.",1,train
"Overall, this documentary was confusing. This film turned out to be unconvincing. The plot was badly acted. I found the soundtrack unconvincing. I expected so much more from this cast.",0,train
The whole experience felt lifeless to me. The script turned out to be predictable. I wouldn't recommend it to anyone.,0,train
"In my opinion, the performance turned out to be masterful. The movie felt fantastic to me. This picture was masterful. I found this sequel amazing. Highly recommended for everyone.",1,train
"Honestly, the performance turned out to be impressive. The soundtrack turned out to be heartwarming. This sequel turned out to be inspiring. The emotional depth was incredible.",1,train
"Honestly, the cinematography turned out to be tedious. This documentary was mediocre. The dialogue was lifeless. This drama felt underwhelming to me. I wouldn't recommend it to anyone.",0,train
"In my opinion, the ending was unconvincing. The soundtrack was disappointing. The cinematography felt shallow to me. It dragged on far too long.",0,test
The dialogue turned out to be terrible. I found this sequel predictable. The performance felt lifeless to me. It dragged on far too long.,0,train
"In my opinion, the acting felt compelling to me. The whole experience turned out to be beautiful. Highly recommended for everyone.",1,test
The performance turned out to be beautiful. The acting turned out to be masterful. The director's work felt fantastic to me. I found this documentary heartwarming. Worth every minute of my time.,1,train
"Overall, this documentary felt poorly written to me. I found this film disappointing. Save your money and skip this one.",0,train
"In my opinion, i found the plot gripping. I found the lead actor captivating. I found the soundtrack captivating. The dialogue turned out to be delightful. It kept me hooked from start to finish.",1,train
"In my opinion, the screenplay felt outstanding to me. The whole experience was touching. The lead actor felt inspiring to me. I found the dialogue phenomenal. It kept me hooked from start to finish.",1,train
"Honestly, the movie felt excellent to me. The cinematography turned out to be compelling. Everyone in the theatre applauded.",1,train
"Overall, i found the lead actor masterful. The dialogue turned out to be wonderful. One of the best I've seen this year.",1,train
"To be fair, i found the acting impressive. The cinematography turned out to be excellent. The story felt incredible to me. Worth every minute of my time.",1,train
"In my opinion, the lead actor was underwhelming. The performance turned out to be underwhelming. This picture turned out to be tedious. This sequel was forgettable. A complete waste of time and money.",0,train
"Honestly, the movie was outstanding. This sequel was remarkable. The soundtrack felt phenomenal to me. I would watch it again.",1,test
"To be fair, i found the script underwhelming. The performance felt mediocre to me. The soundtrack was dreadful. This sequel felt terrible to me. The plot made absolutely no sense.",0,train
"Honestly, the whole experience was touching. I found the script amazing. The cinematography felt amazing to me. This picture felt outstanding to me. One of the best I've seen this year.",1,train
The movie felt heartwarming to me. The screenplay felt outstanding to me. The pacing was fantastic. The performance was incredible. A true masterpiece of storytelling.,1,train
"In my opinion, the ending turned out to be incredible. I found the story touching. I found the plot compelling. One of the best I've seen this year.",1,test
"To be fair, the director's work turned out to be terrible. I found the dialogue dull. The whole experience felt lifeless to me. The performance turned out to be lifeless. Save your money and skip this one.",0,test
"In my opinion, this sequel turned out to be excellent. I found the acting outstanding. It kept me hooked from start to finish.",1,train
This drama was impressive. The screenplay was gripping. The script was outstanding. I found this sequel inspiring. The emotional depth was incredible.,1,train
"Overall, the acting felt amazing to me. I found the script delightful. The dialogue felt inspiring to me. This drama was compelling. One of the best I've seen this year.",1,train
The director's work felt underwhelming to me. This drama was disappointing. This documentary felt boring to me. The movie was badly acted. Nothing about it felt original.,0,test
"Overall, i found the ending disappointing. The pacing was confusing. The plot made absolutely no sense.",0,test
"Honestly, this film turned out to be tedious. The acting turned out to be forgettable. The pacing was poorly written. I found the soundtrack poorly written. Save your money and skip this one.",0,train
"Overall, this sequel felt poorly written to me. The lead actor was confusing. This picture was lifeless. I nearly fell asleep halfway through.",0,train
"To be fair, this film was lifeless. The story felt underwhelming to me. The plot turned out to be predictable. Save your money and skip this one.",0,train
"Honestly, the cinematography felt wonderful to me. The screenplay felt compelling to me. The emotional depth was incredible.",1,train
This picture was disappointing. I found the whole experience awful. Nothing about it felt original.,0,train
"Honestly, the cinematography was underwhelming. I found the lead actor unconvincing. The screenplay was tedious. The director's work turned out to be underwhelming. A complete waste of time and money.",0,train
This picture was delightful. I found this documentary masterful. A true masterpiece of storytelling.,1,train
"Overall, this sequel felt impressive to me. The plot turned out to be brilliant. The dialogue turned out to be heartwarming. Everyone in the theatre applauded.",1,test
"In my opinion, the movie turned out to be remarkable. The soundtrack felt touching to me. The pacing was heartwarming. Highly recommended for everyone.",1,train
"In my opinion, the lead actor felt gripping to me. I found this film impressive. The story was phenomenal. The performance felt brilliant to me. A true masterpiece of storytelling.",1,train
"Honestly, this drama was brilliant. I found the movie heartwarming. The whole experience felt impressive to me. The performance turned out to be heartwarming. One of the best I've seen this year.",1,train
The dialogue was incredible. I found the whole experience fantastic. I was moved to tears.,1,train
"Honestly, i found the script masterful. This drama turned out to be brilliant. The ending felt wonderful to me. This sequel was outstanding. A must-watch for any fan of the genre.",1,test
"To be fair, this sequel was delightful. This drama felt gripping to me. The emotional depth was incredible.",1,train
"To be fair, the ending turned out to be outstanding. The director's work was gripping. The screenplay was brilliant. Highly recommended for everyone.",1,test
"To be fair, i found the soundtrack impressive. The screenplay turned out to be masterful. It kept me hooked from start to finish.",1,train
"Honestly, the lead actor felt predictable to me. This drama was shallow. I expected so much more from this cast.",0,train
The screenplay felt predictable to me. This sequel turned out to be forgettable. The plot was awful. I found the dialogue boring. I expected so much more from this cast.,0,train
"In my opinion, the script turned out to be phenomenal. The whole experience felt outstanding to me. The pacing turned out to be impressive. I would watch it again.",1,train
"To be fair, the performance felt impressive to me. The director's work was gripping. I found this film incredible. Highly recommended for everyone.",1,train
The dialogue felt outstanding to me. The director's work turned out to be captivating. The lead actor was fantastic. Highly recommended for everyone.,1,train
"Honestly, the cinematography was incredible. I found this film outstanding. The lead actor felt compelling to me. The performance felt impressive to me. The emotional depth was incredible.",1,test
"To be fair, the plot was inspiring. I found the dialogue remarkable. The movie felt remarkable to me. I would watch it again.",1,train
"Honestly, i found the director's work fantastic. The pacing was inspiring. This picture felt wonderful to me. It kept me hooked from start to finish.",1,train
"To be fair, the soundtrack turned out to be dreadful. The acting was lifeless. The ending was confusing. I found the plot dull. I nearly fell asleep halfway through.",0,train
"In my opinion, the movie felt delightful to me. The acting felt inspiring to me. I was moved to tears.",1,train
The lead actor felt heartwarming to me. The dialogue turned out to be incredible. I found the script impressive. The pacing turned out to be compelling. A must-watch for any fan of the genre.,1,train
"To be fair, the lead actor was badly acted. I found the cinematography predictable. I found the performance predictable. This sequel turned out to be underwhelming. I wouldn't recommend it to anyone.",0,train
I found the whole experience badly acted. The dialogue turned out to be confusing. Nothing about it felt original.,0,train
The whole experience was superb. I found the soundtrack wonderful. The dialogue felt incredible to me. I was moved to tears.,1,train
I found this picture incredible. The story was incredible. I found this sequel beautiful. The performance felt excellent to me. I was moved to tears.,1,train
The director's work turned out to be dull. I found the plot flat. I couldn't wait for it to end.,0,train
"To be fair, i found this picture superb. The whole experience was excellent. The cinematography was fantastic. I found the script remarkable. It kept me hooked from start to finish.",1,test
"To be fair, the ending was outstanding. This picture was impressive. This drama turned out to be masterful. I was moved to tears.",1,train
"Honestly, i found the dialogue confusing. I found this picture shallow. The lead actor turned out to be clumsy. I regret watching it.",0,train
"To be fair, this documentary turned out to be phenomenal. The whole experience turned out to be outstanding. One of the best I've seen this year.",1,train
I found the movie badly acted. The director's work turned out to be dreadful. The performance felt dull to me. I wouldn't recommend it to anyone.,0,train
"Overall, the plot turned out to be touching. The director's work was excellent. The dialogue turned out to be touching. I found this drama compelling. I was moved to tears.",1,train
"Overall, this documentary felt excellent to me. The story turned out to be amazing. The pacing turned out to be compelling. The script was remarkable. Highly recommended for everyone.",1,train
"Honestly, the script was superb. This sequel felt wonderful to me. One of the best I've seen this year.",1,train
"Honestly, the acting turned out to be underwhelming. The performance was clumsy. The ending felt forgettable to me. The story felt predictable to me. I wouldn't recommend it to anyone.",0,train
"Overall, this drama was inspiring. The acting felt masterful to me. A must-watch for any fan of the genre.",1,train
"Honestly, i found the movie delightful. This sequel was phenomenal. The cinematography turned out to be phenomenal. I found the plot touching. I would watch it again.",1,train
This picture turned out to be badly acted. I found the plot disappointing. Nothing about it felt original.,0,train
"To be fair, the acting was fantastic. I found the cinematography impressive. I found the director's work fantastic. I was moved to tears.",1,train
"In my opinion, this sequel turned out to be delightful. I found this documentary gripping. A must-watch for any fan of the genre.",1,train
The ending was badly acted. The pacing turned out to be dull. This film was dull. I expected so much more from this cast.,0,train
"Overall, the screenplay was captivating. The acting turned out to be excellent. I found the director's work touching. Worth every minute of my time.",1,train
"In my opinion, the dialogue was mediocre. The plot turned out to be awful. I found this film lifeless. I found the director's work underwhelming. I expected so much more from this cast.",0,train
"In my opinion, this drama was underwhelming. I found the story dull. The whole experience turned out to be painful to watch. I couldn't wait for it to end.",0,train
"In my opinion, the screenplay turned out to be wonderful. The movie turned out to be masterful. The whole experience was beautiful. The ending turned out to be amazing. Worth every minute of my time.",1,train
"Honestly, i found the script dreadful. The plot was clumsy. The acting was mediocre. It dragged on far too long.",0,train
"Overall, this picture turned out to be brilliant. I found the acting brilliant. I found the director's work phenomenal. The story was gripping. A must-watch for any fan of the genre.",1,train
"In my opinion, i found the plot confusing. I found this sequel predictable. Save your money and skip this one.",0,train
I found this sequel awful. The whole experience turned out to be confusing. I found the lead actor flat. The plot turned out to be underwhelming. I couldn't wait for it to end.,0,train
"To be fair, the soundtrack turned out to be beautiful. This drama was superb. The director's work turned out to be outstanding. I found the acting impressive. Worth every minute of my time.",1,train
"Honestly, this film turned out to be painful to watch. I found this drama terrible. I couldn't wait for it to end.",0,train
"Honestly, this picture felt boring to me. The story was poorly written. I wouldn't recommend it to anyone.",0,train
"To be fair, the performance was phenomenal. This sequel turned out to be incredible. I found this drama excellent. A must-watch for any fan of the genre.",1,train
"Honestly, this drama was clumsy. The plot turned out to be dreadful. I expected so much more from this cast.",0,train
"In my opinion, the story felt badly acted to me. The performance felt shallow to me. I found the plot mediocre. I expected so much more from this cast.",0,train
"To be fair, the screenplay was wonderful. I found the director's work amazing. The movie felt brilliant to me. The emotional depth was incredible.",1,train
"In my opinion, the acting felt boring to me. The dialogue turned out to be mediocre. I found this film flat. I couldn't wait for it to end.",0,train
"Honestly, the story was mediocre. The script turned out to be unconvincing. The ending felt awful to me. The plot made absolutely no sense.",0,train
"Honestly, the pacing felt phenomenal to me. This drama turned out to be beautiful. This documentary was touching. I would watch it again.",1,train
"Honestly, i found the movie boring. The script was dreadful. The acting felt terrible to me. The plot made absolutely no sense.",0,train
"Overall, i found the acting delightful. This sequel felt wonderful to me. I would watch it again.",1,test
"Overall, the movie turned out to be heartwarming. I found the pacing gripping. I would watch it again.",1,train
The plot was incredible. The ending felt phenomenal to me. The lead actor felt incredible to me. The script was delightful. A must-watch for any fan of the genre.,1,train
"Honestly, the acting felt outstanding to me. The movie was excellent. It kept me hooked from start to finish.",1,test
"Overall, the ending was superb. I found the lead actor delightful. The cinematography was wonderful. The emotional depth was incredible.",1,train
"In my opinion, the dialogue felt captivating to me. The director's work turned out to be outstanding. Worth every minute of my time.",1,train
"Overall, the dialogue was underwhelming. The whole experience was boring. This picture was mediocre. The movie turned out to be painful to watch. I expected so much more from this cast.",0,train
"To be fair, the cinematography turned out to be captivating. The pacing was incredible. This documentary turned out to be fantastic. The movie turned out to be brilliant. The emotional depth was incredible.",1,train
"Overall, the whole experience was amazing. The script felt delightful to me. Highly recommended for everyone.",1,train
"In my opinion, this documentary felt amazing to me. The whole experience turned out to be masterful. The movie felt brilliant to me. The story felt touching to me. I was moved to tears.",1,test
"To be fair, the performance was boring. I found the story shallow. I nearly fell asleep halfway through.",0,train
I found the whole experience unconvincing. This documentary was dull. The plot was dull. I expected so much more from this cast.,0,train
"Honestly, i found the pacing disappointing. This documentary felt poorly written to me. Save your money and skip this one.",0,test
This sequel was incredible. The acting turned out to be heartwarming. The movie was beautiful. I found the plot impressive. The emotional depth was incredible.,1,train
"Overall, the lead actor turned out to be boring. This sequel turned out to be dull. The whole experience turned out to be poorly written. The plot made absolutely no sense.",0,test
"Overall, i found the pacing masterful. The soundtrack felt phenomenal to me. The acting felt delightful to me. Everyone in the theatre applauded.",1,train
"Overall, the acting turned out to be brilliant. I found this documentary outstanding. The whole experience turned out to be outstanding. A true masterpiece of storytelling.",1,test
"Honestly, the plot felt unconvincing to me. The pacing turned out to be mediocre. This documentary felt confusing to me. This drama felt disappointing to me. A complete waste of time and money.",0,train
"Overall, i found the story captivating. The dialogue turned out to be captivating. I found the acting wonderful. The whole experience was outstanding. I was moved to tears.",1,train
"To be fair, i found the plot compelling. I found the director's work compelling. This sequel was beautiful. I would watch it again.",1,train
"Overall, i found the pacing terrible. I found the soundtrack boring. The plot turned out to be awful. I found the whole experience painful to watch. I couldn't wait for it to end.",0,train
"To be fair, this drama felt shallow to me. The plot turned out to be confusing. I expected so much more from this cast.",0,test
"In my opinion, i found the whole experience predictable. The lead actor was predictable. I found the script poorly written. A complete waste of time and money.",0,test
"To be fair, the cinematography turned out to be touching. This documentary felt amazing to me. Highly recommended for everyone.",1,train
I found the story tedious. I found the ending shallow. The performance turned out to be dreadful. I found the acting clumsy. A complete waste of time and money.,0,test
"To be fair, the cinematography turned out to be incredible. The performance was incredible. The soundtrack was compelling. Everyone in the theatre applauded.",1,train
"Honestly, the lead actor was unconvincing. The pacing turned out to be shallow. I nearly fell asleep halfway through.",0,train
"Overall, the screenplay was brilliant. The movie turned out to be fantastic. This sequel turned out to be inspiring. This film felt masterful to me. A must-watch for any fan of the genre.",1,test
"Overall, the ending felt mediocre to me. The dialogue was dull. The director's work was tedious. The plot made absolutely no sense.",0,train
"To be fair, i found this picture boring. I found the lead actor boring. This documentary turned out to be terrible. Save your money and skip this one.",0,test
"Honestly, i found the cinematography underwhelming. This sequel turned out to be lifeless. The dialogue felt painful to watch to me. The pacing felt unconvincing to me. The plot made absolutely no sense.",0,train
"Honestly, the soundtrack felt tedious to me. I found this film underwhelming. The script was flat. I expected so much more from this cast.",0,train
"To be fair, the soundtrack felt lifeless to me. The dialogue felt painful to watch to me. The whole experience felt painful to watch to me. The performance turned out to be disappointing. I regret watching it.",0,train
"To be fair, the screenplay turned out to be fantastic. The ending was fantastic. The lead actor turned out to be heartwarming. It kept me hooked from start to finish.",1,train
"In my opinion, this film was forgettable. The acting felt dull to me. I found the dialogue predictable. I found the whole experience dreadful. A complete waste of time and money.",0,train
"Honestly, i found the dialogue lifeless. The story was painful to watch. The plot made absolutely no sense.",0,train
"To be fair, the performance turned out to be excellent. The plot turned out to be brilliant. One of the best I've seen this year.",1,train
"To be fair, this documentary turned out to be superb. The story was gripping. The script was brilliant. I found the cinematography brilliant. Highly recommended for everyone.",1,train
"To be fair, the cinematography felt impressive to me. The screenplay felt heartwarming to me. A must-watch for any fan of the genre.",1,train
"Overall, the plot turned out to be underwhelming. I found the dialogue predictable. I nearly fell asleep halfway through.",0,test
"To be fair, the dialogue turned out to be touching. This documentary turned out to be impressive. One of the best I've seen this year.",1,train
The dialogue turned out to be excellent. The cinematography was superb. The movie felt amazing to me. A must-watch for any fan of the genre.,1,test
"Overall, the acting was phenomenal. The performance turned out to be heartwarming. A must-watch for any fan of the genre.",1,train
The movie turned out to be fantastic. I found the script impressive. Worth every minute of my time.,1,train
The whole experience was boring. The screenplay turned out to be lifeless. I found the movie dreadful. This drama was terrible. It dragged on far too long.,0,test
"Honestly, this picture was dreadful. The acting felt flat to me. The movie turned out to be painful to watch. I wouldn't recommend it to anyone.",0,train
The whole experience turned out to be poorly written. I found the pacing lifeless. I expected so much more from this cast.,0,train
"To be fair, this sequel was masterful. I found the story amazing. I found the director's work gripping. The performance turned out to be gripping. It kept me hooked from start to finish.",1,train
"To be fair, this sequel was masterful. This drama felt gripping to me. The director's work was beautiful. I found the acting beautiful. Highly recommended for everyone.",1,train
"Overall, this documentary turned out to be captivating. I found the movie masterful. This picture was phenomenal. A true masterpiece of storytelling.",1,train
"Overall, the plot felt incredible to me. I found the ending brilliant. Highly recommended for everyone.",1,train
"Overall, the screenplay turned out to be outstanding. The soundtrack felt delightful to me. I found the whole experience brilliant. The script felt touching to me. Highly recommended for everyone.",1,train
"Overall, the screenplay was mediocre. The plot turned out to be awful. Nothing about it felt original.",0,test
"To be fair, the director's work felt mediocre to me. I found the whole experience painful to watch. The plot turned out to be shallow. This drama felt clumsy to me. I nearly fell asleep halfway through.",0,train
"In my opinion, i found the pacing forgettable. The director's work felt boring to me. The whole experience felt lifeless to me. This sequel was lifeless. The plot made absolutely no sense.",0,train
"To be fair, the cinematography was awful. I found the story boring. I wouldn't recommend it to anyone.",0,test
"To be fair, the performance turned out to be lifeless. I found this sequel predictable. I found the whole experience unconvincing. The soundtrack was painful to watch. I wouldn't recommend it to anyone.",0,train
"To be fair, the cinematography turned out to be dreadful. The screenplay turned out to be lifeless. The performance was awful. The whole experience was lifeless. I nearly fell asleep halfway through.",0,train
"Honestly, this film turned out to be amazing. The plot was touching. I was moved to tears.",1,train
"Honestly, the movie felt flat to me. The performance turned out to be awful. I regret watching it.",0,train
"Overall, i found this film disappointing. I found this picture painful to watch. I couldn't wait for it to end.",0,train
"Honestly, the soundtrack felt forgettable to me. The movie was boring. I regret watching it.",0,train
The cinematography felt touching to me. The performance felt incredible to me. I found the ending fantastic. The pacing was superb. Worth every minute of my time.,1,train
"In my opinion, the ending felt painful to watch to me. This picture felt awful to me. The pacing felt awful to me. The story felt poorly written to me. Nothing about it felt original.",0,train
I found the dialogue impressive. The pacing was impressive. This picture was impressive. I was moved to tears.,1,test
The lead actor was dull. The script turned out to be confusing. Save your money and skip this one.,0,train
"Honestly, this documentary felt touching to me. This film felt remarkable to me. I found this drama touching. It kept me hooked from start to finish.",1,train
"In my opinion, the cinematography was gripping. The screenplay felt phenomenal to me. One of the best I've seen this year.",1,train
"To be fair, this film was forgettable. The screenplay felt confusing to me. I found the plot poorly written. The dialogue felt predictable to me. I couldn't wait for it to end.",0,train
"To be fair, the whole experience felt heartwarming to me. This drama felt inspiring to me. Highly recommended for everyone.",1,test
"Honestly, this film was confusing. I found the pacing poorly written. The plot made absolutely no sense.",0,train
"To be fair, the pacing turned out to be phenomenal. I found the screenplay fantastic. The whole experience turned out to be brilliant. I found the dialogue touching. Everyone in the theatre applauded.",1,train
I found this picture disappointing. The whole experience felt underwhelming to me. The soundtrack felt awful to me. The movie was tedious. Save your money and skip this one.,0,test
"Overall, the director's work turned out to be delightful. I found the plot heartwarming. The ending turned out to be amazing. Worth every minute of my time.",1,train
"In my opinion, the director's work turned out to be incredible. The pacing turned out to be superb. I was moved to tears.",1,train
"In my opinion, this sequel felt inspiring to me. The story was gripping. The emotional depth was incredible.",1,train
"Overall, i found the acting masterful. This documentary was remarkable. The soundtrack was impressive. The director's work felt remarkable to me. The emotional depth was incredible.",1,train
This documentary felt compelling to me. The script was superb. The lead actor felt fantastic to me. It kept me hooked from start to finish.,1,train
"Overall, the whole experience felt touching to me. The director's work felt wonderful to me. I found the acting inspiring. The screenplay was masterful. A true masterpiece of storytelling.",1,train
"In my opinion, the screenplay felt excellent to me. I found the lead actor impressive. This drama turned out to be captivating. I found this documentary remarkable. I was moved to tears.",1,train
"Honestly, i found the movie outstanding. The performance turned out to be inspiring. A must-watch for any fan of the genre.",1,train
"In my opinion, the pacing turned out to be amazing. The story turned out to be heartwarming. The soundtrack turned out to be wonderful. This sequel turned out to be inspiring. The emotional depth was incredible.",1,train
"Honestly, the screenplay turned out to be beautiful. This sequel was masterful. This documentary was remarkable. A true masterpiece of storytelling.",1,train
"To be fair, this documentary turned out to be poorly written. The acting was shallow. Save your money and skip this one.",0,train
"In my opinion, the script turned out to be fantastic. The performance felt amazing to me. Everyone in the theatre applauded.",1,train
"In my opinion, the story was brilliant. The performance felt phenomenal to me. This sequel was superb. The script turned out to be excellent. A must-watch for any fan of the genre.",1,train
"Honestly, the soundtrack felt badly acted to me. I found the director's work disappointing. I found the script boring. It dragged on far too long.",0,train
"Honestly, the script turned out to be awful. This film was tedious. I couldn't wait for it to end.",0,train
"To be fair, the director's work turned out to be tedious. I found the story shallow. The plot was tedious. I found this sequel predictable. I expected so much more from this cast.",0,train
"Honestly, this drama was heartwarming. I found the lead actor outstanding. This film felt captivating to me. Everyone in the theatre applauded.",1,train
"Overall, the director's work turned out to be badly acted. This picture felt lifeless to me. The script turned out to be forgettable. I found the pacing flat. I wouldn't recommend it to anyone.",0,test
"In my opinion, the acting felt painful to watch to me. This picture turned out to be lifeless. A complete waste of time and money.",0,train
"In my opinion, i found the performance excellent. This documentary was gripping. A must-watch for any fan of the genre.",1,train
"In my opinion, this picture turned out to be terrible. This film felt unconvincing to me. I expected so much more from this cast.",0,train
"Overall, the director's work turned out to be disappointing. The whole experience felt confusing to me. I found the script flat. The screenplay felt disappointing to me. I expected so much more from this cast.",0,train
"Honestly, this sequel was predictable. The director's work felt poorly written to me. The pacing felt flat to me. I expected so much more from this cast.",0,test
"Honestly, this picture felt predictable to me. I found the performance unconvincing. I found the script flat. I found this sequel confusing. I nearly fell asleep halfway through.",0,train
"To be fair, the script felt amazing to me. This sequel was delightful. This documentary was impressive. The whole experience felt inspiring to me. A true masterpiece of storytelling.",1,train
"In my opinion, this film was dreadful. The whole experience turned out to be confusing. I found the dialogue tedious. Nothing about it felt original.",0,train
"Honestly, the acting was heartwarming. The movie felt remarkable to me. A must-watch for any fan of the genre.",1,train
The pacing felt mediocre to me. I found the ending poorly written. I wouldn't recommend it to anyone.,0,train
"In my opinion, the screenplay turned out to be unconvincing. The movie was disappointing. I found the cinematography mediocre. I found the soundtrack dreadful. I nearly fell asleep halfway through.",0,train
"To be fair, i found the ending impressive. The screenplay felt delightful to me. The plot was brilliant. A must-watch for any fan of the genre.",1,train
"To be fair, the cinematography turned out to be painful to watch. I found the acting boring. This sequel felt poorly written to me. I wouldn't recommend it to anyone.",0,train
"Overall, the soundtrack turned out to be phenomenal. I found the script remarkable. The ending was remarkable. The pacing felt captivating to me. One of the best I've seen this year.",1,train
"To be fair, i found the pacing superb. I found this drama remarkable. Worth every minute of my time.",1,train
The cinematography was shallow. The ending was clumsy. This drama was mediocre. The performance turned out to be predictable. Save your money and skip this one.,0,train
I found the director's work terrible. The script was lifeless. The acting was disappointing. Nothing about it felt original.,0,train
This film turned out to be flat. I found this drama flat. The acting turned out to be dull. The performance felt terrible to me. I wouldn't recommend it to anyone.,0,test
"Honestly, the screenplay turned out to be disappointing. The dialogue was awful. The performance turned out to be awful. I couldn't wait for it to end.",0,train
"To be fair, the lead actor turned out to be boring. The performance was shallow. The plot was shallow. This picture was predictable. I couldn't wait for it to end.",0,train
"To be fair, the script was inspiring. The plot felt excellent to me. The whole experience felt inspiring to me. The soundtrack felt touching to me. A true masterpiece of storytelling.",1,train
"To be fair, the soundtrack was disappointing. The dialogue was forgettable. The director's work felt forgettable to me. The cinematography turned out to be lifeless. I regret watching it.",0,test
The plot turned out to be terrible. I found the lead actor painful to watch. This picture turned out to be unconvincing. I expected so much more from this cast.,0,test
This documentary turned out to be wonderful. The screenplay was heartwarming. A must-watch for any fan of the genre.,1,train
"Overall, the screenplay was gripping. This picture was superb. The emotional depth was incredible.",1,train
"To be fair, the lead actor turned out to be amazing. The soundtrack felt outstanding to me. A must-watch for any fan of the genre.",1,train
"Honestly, i found the acting boring. This film was shallow. The plot made absolutely no sense.",0,train
"Honestly, this documentary was boring. I found the script shallow. I found the director's work painful to watch. The ending felt confusing to me. I couldn't wait for it to end.",0,train
"In my opinion, the soundtrack turned out to be beautiful. The pacing was captivating. The dialogue was touching. This film was captivating. I would watch it again.",1,train
"Honestly, this drama felt touching to me. I found this documentary beautiful. Highly recommended for everyone.",1,test
This documentary felt confusing to me. The ending was terrible. A complete waste of time and money.,0,train
The pacing turned out to be captivating. The ending was captivating. The director's work was remarkable. Everyone in the theatre applauded.,1,train
The plot felt forgettable to me. The ending felt unconvincing to me. The acting turned out to be awful. The lead actor turned out to be painful to watch. It dragged on far too long.,0,test
The cinematography was poorly written. I found this sequel underwhelming. This film turned out to be tedious. I expected so much more from this cast.,0,train
This drama felt outstanding to me. I found the acting compelling. Highly recommended for everyone.,1,train
The movie was terrible. The acting turned out to be awful. The whole experience felt confusing to me. This sequel turned out to be lifeless. It dragged on far too long.,0,train
"To be fair, this sequel felt tedious to me. The script turned out to be mediocre. The dialogue felt mediocre to me. I found this drama predictable. A complete waste of time and money.",0,train
"Overall, the whole experience turned out to be lifeless. I found the lead actor clumsy. This drama turned out to be awful. A complete waste of time and money.",0,train
"Overall, the story felt terrible to me. The pacing was poorly written. The dialogue was painful to watch. I couldn't wait for it to end.",0,test
"In my opinion, the whole experience felt brilliant to me. I found the plot superb. The emotional depth was incredible.",1,train
"Honestly, the performance was outstanding. This picture turned out to be compelling. It kept me hooked from start to finish.",1,test
"Honestly, this sequel turned out to be excellent. The screenplay felt compelling to me. A must-watch for any fan of the genre.",1,train
"In my opinion, the performance turned out to be beautiful. This drama turned out to be fantastic. The acting turned out to be outstanding. The whole experience turned out to be amazing. I was moved to tears.",1,train
"Honestly, the dialogue was wonderful. The screenplay felt inspiring to me. The script turned out to be captivating. The plot was superb. Highly recommended for everyone.",1,train
"Overall, the acting felt superb to me. I found this picture masterful. The screenplay felt touching to me. The script felt beautiful to me. A true masterpiece of storytelling.",1,train
"Overall, the performance felt tedious to me. This drama felt awful to me. The pacing turned out to be dreadful. I found the dialogue disappointing. I couldn't wait for it to end.",0,train
"Honestly, the dialogue felt remarkable to me. The screenplay turned out to be compelling. This sequel turned out to be heartwarming. This documentary felt touching to me. One of the best I've seen this year.",1,train
"To be fair, the lead actor was terrible. The acting felt underwhelming to me. The ending was confusing. I expected so much more from this cast.",0,train
"To be fair, the screenplay turned out to be poorly written. The director's work felt awful to me. The movie turned out to be shallow. It dragged on far too long.",0,test
The director's work was boring. The ending felt mediocre to me. I found this sequel lifeless. Save your money and skip this one.,0,train
"In my opinion, the pacing turned out to be dull. I found the screenplay terrible. I found the dialogue clumsy. The whole experience was forgettable. I wouldn't recommend it to anyone.",0,train
"In my opinion, i found the soundtrack dull. This film was clumsy. I found the cinematography flat. The lead actor was underwhelming. I expected so much more from this cast.",0,train
"In my opinion, i found the ending flat. The acting felt lifeless to me. The plot made absolutely no sense.",0,train
"In my opinion, the script felt remarkable to me. I found the soundtrack fantastic. This drama turned out to be impressive. It kept me hooked from start to finish.",1,train
"Overall, the story felt underwhelming to me. I found the plot underwhelming. The screenplay was lifeless. This sequel turned out to be awful. I regret watching it.",0,train
"In my opinion, i found the plot fantastic. This documentary was amazing. The acting felt compelling to me. The script turned out to be excellent. It kept me hooked from start to finish.",1,train
"To be fair, the lead actor turned out to be heartwarming. The plot felt touching to me. The whole experience turned out to be superb. The emotional depth was incredible.",1,train
"To be fair, this documentary was masterful. The pacing felt masterful to me. I found the lead actor compelling. I found the dialogue captivating. I was moved to tears.",1,train
"Honestly, the movie felt gripping to me. The cinematography turned out to be captivating. I found the story gripping. A must-watch for any fan of the genre.",1,train
"Overall, the script felt beautiful to me. The soundtrack was touching. Worth every minute of my time.",1,train
The movie turned out to be dreadful. The pacing felt lifeless to me. The acting turned out to be painful to watch. I wouldn't recommend it to anyone.,0,train
"Honestly, i found the whole experience gripping. This picture felt phenomenal to me. The soundtrack was delightful. Worth every minute of my time.",1,test
"To be fair, this sequel turned out to be boring. The screenplay was shallow. I regret watching it.",0,train
The cinematography felt poorly written to me. The dialogue felt awful to me. The lead actor was dreadful. A complete waste of time and money.,0,train
The ending turned out to be delightful. The screenplay turned out to be amazing. The plot felt gripping to me. One of the best I've seen this year.,1,test
"Honestly, this sequel was flat. The performance felt poorly written to me. The ending was painful to watch. The acting turned out to be dreadful. Save your money and skip this one.",0,train
"Overall, the pacing felt heartwarming to me. I found this sequel inspiring. I was moved to tears.",1,train
"To be fair, i found the dialogue dreadful. The screenplay was underwhelming. This drama was awful. The plot made absolutely no sense.",0,test
I found the lead actor remarkable. I found the ending gripping. Worth every minute of my time.,1,train
"Overall, the story turned out to be compelling. The plot felt excellent to me. I found this film masterful. The whole experience was phenomenal. Worth every minute of my time.",1,test
"In my opinion, the whole experience turned out to be superb. This sequel felt captivating to me. It kept me hooked from start to finish.",1,train
I found this film disappointing. The script felt mediocre to me. This documentary felt predictable to me. The director's work was dreadful. I expected so much more from this cast.,0,train
"Honestly, this film was dull. I found the soundtrack flat. The story felt badly acted to me. I regret watching it.",0,train
"Overall, this picture felt shallow to me. This documentary was dull. I expected so much more from this cast.",0,train
This film was poorly written. I found the cinematography confusing. This sequel turned out to be underwhelming. The pacing was confusing. I regret watching it.,0,train
"In my opinion, the performance felt boring to me. The director's work felt awful to me. I found the lead actor boring. I regret watching it.",0,train
I found this picture poorly written. The story turned out to be tedious. I couldn't wait for it to end.,0,train
"Overall, this film turned out to be amazing. The cinematography turned out to be brilliant. It kept me hooked from start to finish.",1,test
"Overall, the screenplay turned out to be wonderful. This drama was fantastic. I found the pacing excellent. The story was touching. I would watch it again.",1,test
"In my opinion, the plot felt poorly written to me. I found the movie dreadful. I nearly fell asleep halfway through.",0,train
"Overall, the plot felt dreadful to me. I found the acting predictable. The director's work turned out to be flat. I couldn't wait for it to end.",0,train
"To be fair, this documentary felt shallow to me. The dialogue turned out to be unconvincing. It dragged on far too long.",0,train
"Overall, i found this picture dreadful. The plot turned out to be tedious. A complete waste of time and money.",0,test
"In my opinion, this sequel was phenomenal. I found the plot captivating. The emotional depth was incredible.",1,test
"To be fair, i found this documentary fantastic. I found the cinematography amazing. The dialogue turned out to be touching. It kept me hooked from start to finish.",1,train
"In my opinion, the cinematography turned out to be flat. The plot felt poorly written to me. I regret watching it.",0,test
"Honestly, i found the plot heartwarming. The performance felt delightful to me. I found the cinematography fantastic. Highly recommended for everyone.",1,test
"To be fair, this documentary was terrible. This drama felt tedious to me. The cinematography turned out to be mediocre. The plot felt badly acted to me. Save your money and skip this one.",0,train
"Overall, this documentary was dull. The plot turned out to be underwhelming. I found this drama dull. I expected so much more from this cast.",0,test
"To be fair, i found this drama heartwarming. The plot was touching. This documentary felt touching to me. Everyone in the theatre applauded.",1,train
"In my opinion, i found the plot awful. The movie turned out to be terrible. I found the story shallow. The ending was flat. I couldn't wait for it to end.",0,train
"In my opinion, the acting turned out to be remarkable. The dialogue felt outstanding to me. The soundtrack turned out to be wonderful. It kept me hooked from start to finish.",1,train
"In my opinion, the movie was predictable. I found the performance terrible. Nothing about it felt original.",0,train
"Honestly, the lead actor turned out to be poorly written. This film felt boring to me. The plot was forgettable. I expected so much more from this cast.",0,train
"To be fair, the movie felt dull to me. I found the pacing forgettable. The performance was dreadful. I expected so much more from this cast.",0,train
"Overall, the soundtrack turned out to be clumsy. The lead actor turned out to be dreadful. I found the story terrible. The movie turned out to be lifeless. Nothing about it felt original.",0,train
"In my opinion, i found the movie amazing. The pacing felt brilliant to me. I was moved to tears.",1,test
"To be fair, the dialogue felt awful to me. I found the director's work underwhelming. I couldn't wait for it to end.",0,train
"Overall, the director's work turned out to be impressive. The soundtrack felt touching to me. Worth every minute of my time.",1,train
"In my opinion, i found the soundtrack underwhelming. This sequel felt shallow to me. I expected so much more from this cast.",0,test
"In my opinion, the soundtrack turned out to be underwhelming. The acting was poorly written. The performance felt boring to me. A complete waste of time and money.",0,test
"Honestly, the director's work was superb. This drama turned out to be impressive. I found the screenplay gripping. I would watch it again.",1,train
"In my opinion, the acting turned out to be touching. The ending felt amazing to me. The pacing was touching. I found this drama amazing. A true masterpiece of storytelling.",1,train
"Overall, the plot turned out to be lifeless. The story turned out to be badly acted. The cinematography felt painful to watch to me. The ending turned out to be painful to watch. It dragged on far too long.",0,train
I found the ending clumsy. This film felt badly acted to me. The soundtrack turned out to be lifeless. This drama turned out to be confusing. It dragged on far too long.,0,test
"To be fair, the movie was clumsy. The dialogue turned out to be forgettable. The story turned out to be badly acted. A complete waste of time and money.",0,train
The movie turned out to be fantastic. The director's work was inspiring. One of the best I've seen this year.,1,test
"Overall, the lead actor felt lifeless to me. I found the cinematography unconvincing. The pacing was awful. I found the acting badly acted. It dragged on far too long.",0,train
The script turned out to be forgettable. I found the dialogue painful to watch. The performance was awful. The director's work felt boring to me. I regret watching it.,0,test
"In my opinion, the pacing turned out to be heartwarming. The performance was masterful. The director's work turned out to be brilliant. This sequel turned out to be excellent. A true masterpiece of storytelling.",1,test
"To be fair, the movie was tedious. This documentary felt tedious to me. The script was dreadful. I nearly fell asleep halfway through.",0,train
"In my opinion, the soundtrack was predictable. The story turned out to be flat. I wouldn't recommend it to anyone.",0,test
"Honestly, the pacing was poorly written. The soundtrack was unconvincing. This documentary was clumsy. This picture felt mediocre to me. I regret watching it.",0,train
"In my opinion, i found the ending impressive. This film felt superb to me. The emotional depth was incredible.",1,train
"To be fair, this documentary felt gripping to me. The dialogue turned out to be incredible. It kept me hooked from start to finish.",1,train
"To be fair, the ending was underwhelming. This documentary felt tedious to me. I regret watching it.",0,train
"In my opinion, the lead actor was dreadful. This documentary was lifeless. Save your money and skip this one.",0,train
This sequel turned out to be lifeless. The plot was terrible. The director's work was awful. The movie turned out to be mediocre. Nothing about it felt original.,0,train
I found this documentary terrible. I found the pacing clumsy. I found this drama confusing. I regret watching it.,0,train
"In my opinion, i found the director's work excellent. The cinematography felt phenomenal to me. A must-watch for any fan of the genre.",1,train
"To be fair, this drama turned out to be dreadful. I found this picture clumsy. I found the ending disappointing. I found this sequel shallow. Save your money and skip this one.",0,train
"Honestly, this film turned out to be impressive. I found the plot remarkable. This sequel turned out to be touching. Everyone in the theatre applauded.",1,train
"Overall, the script turned out to be terrible. The dialogue was dull. The screenplay was mediocre. I found this picture poorly written. It dragged on far too long.",0,train
"Overall, the movie turned out to be fantastic. The ending felt beautiful to me. The emotional depth was incredible.",1,train
"Overall, the lead actor felt disappointing to me. The whole experience was boring. I expected so much more from this cast.",0,test
"To be fair, i found this drama boring. The performance turned out to be predictable. The story was confusing. Save your money and skip this one.",0,test
"In my opinion, the plot turned out to be outstanding. The cinematography was fantastic. I found this film fantastic. One of the best I've seen this year.",1,train
"Honestly, the story was dull. I found the movie badly acted. This sequel felt mediocre to me. The soundtrack was mediocre. It dragged on far too long.",0,test
"To be fair, the performance was tedious. The script felt terrible to me. The ending felt disappointing to me. This documentary was disappointing. I wouldn't recommend it to anyone.",0,test
I found the soundtrack poorly written. The ending felt boring to me. The cinematography felt lifeless to me. The plot made absolutely no sense.,0,train
"Honestly, the pacing felt clumsy to me. The screenplay turned out to be dreadful. The script turned out to be unconvincing. This picture felt underwhelming to me. I nearly fell asleep halfway through.",0,train
"Honestly, i found this picture boring. I found this documentary lifeless. The acting felt disappointing to me. I regret watching it.",0,train
"To be fair, i found the acting excellent. The whole experience was wonderful. A true masterpiece of storytelling.",1,test
"Honestly, this film was remarkable. The plot felt fantastic to me. The story turned out to be touching. I found the director's work beautiful. One of the best I've seen this year.",1,train
"Overall, this documentary turned out to be brilliant. The dialogue was remarkable. A true masterpiece of storytelling.",1,train
"To be fair, this sequel was heartwarming. The acting was beautiful. The screenplay was impressive. Everyone in the theatre applauded.",1,train
"In my opinion, the dialogue was lifeless. The performance was clumsy. This film turned out to be shallow. I couldn't wait for it to end.",0,train
"Overall, this drama felt underwhelming to me. The plot felt unconvincing to me. This sequel felt poorly written to me. I expected so much more from this cast.",0,train
"Overall, the whole experience turned out to be underwhelming. The soundtrack was painful to watch. The dialogue was tedious. I nearly fell asleep halfway through.",0,train
"To be fair, the ending felt captivating to me. The plot turned out to be captivating. I found the whole experience compelling. A true masterpiece of storytelling.",1,train
The whole experience was phenomenal. The acting felt touching to me. The soundtrack was fantastic. One of the best I've seen this year.,1,train
I found the whole experience incredible. The lead actor felt remarkable to me. The emotional depth was incredible.,1,train
"In my opinion, i found the ending excellent. The director's work felt gripping to me. Highly recommended for everyone.",1,train
The script was clumsy. I found the performance flat. The soundtrack felt lifeless to me. This documentary turned out to be dull. I nearly fell asleep halfway through.,0,train
"To be fair, this documentary was superb. This sequel turned out to be inspiring. Highly recommended for everyone.",1,train
"To be fair, the cinematography felt clumsy to me. This picture was awful. It dragged on far too long.",0,train
"Overall, the dialogue turned out to be excellent. The movie turned out to be compelling. The ending was outstanding. A must-watch for any fan of the genre.",1,train
"Overall, this documentary felt masterful to me. I found the pacing inspiring. The plot felt captivating to me. A must-watch for any fan of the genre.",1,test
"Honestly, this film turned out to be confusing. I found the soundtrack tedious. The whole experience turned out to be dreadful. I expected so much more from this cast.",0,train
The lead actor turned out to be fantastic. I found the ending incredible. The screenplay turned out to be superb. I found the pacing masterful. I was moved to tears.,1,train
"In my opinion, i found the acting poorly written. This documentary was clumsy. I found the ending lifeless. The soundtrack felt tedious to me. I wouldn't recommend it to anyone.",0,test
"In my opinion, the story was poorly written. The movie turned out to be unconvincing. The dialogue turned out to be confusing. This drama was boring. It dragged on far too long.",0,train
"Overall, the director's work was boring. The acting felt dull to me. I regret watching it.",0,train
The script was incredible. I found the lead actor heartwarming. I was moved to tears.,1,train
"Honestly, this film felt forgettable to me. This drama turned out to be tedious. I found the whole experience poorly written. The acting was disappointing. I regret watching it.",0,train
"In my opinion, the ending turned out to be lifeless. The acting turned out to be awful. The lead actor was terrible. I wouldn't recommend it to anyone.",0,train
"In my opinion, i found the performance shallow. The whole experience turned out to be mediocre. I found the story shallow. This sequel turned out to be poorly written. I couldn't wait for it to end.",0,train
"Honestly, i found this sequel incredible. The soundtrack was incredible. One of the best I've seen this year.",1,train
"In my opinion, this picture felt mediocre to me. I found the lead actor painful to watch. The dialogue turned out to be mediocre. I wouldn't recommend it to anyone.",0,test
The script felt terrible to me. I found the story underwhelming. The whole experience felt disappointing to me. This drama was underwhelming. Nothing about it felt original.,0,train
"To be fair, the screenplay was phenomenal. The director's work was outstanding. The script felt fantastic to me. The emotional depth was incredible.",1,train
I found the ending amazing. The performance felt incredible to me. I found this sequel compelling. Highly recommended for everyone.,1,train
The ending was unconvincing. This drama felt dreadful to me. The soundtrack felt boring to me. The whole experience was disappointing. I regret watching it.,0,train
"Overall, i found this drama captivating. The dialogue turned out to be remarkable. I was moved to tears.",1,train
"Overall, the director's work turned out to be tedious. The acting felt badly acted to me. This drama was flat. The ending felt flat to me. Save your money and skip this one.",0,train
"To be fair, i found the director's work fantastic. The script felt touching to me. Worth every minute of my time.",1,train
"Honestly, this documentary was awful. The whole experience turned out to be tedious. I expected so much more from this cast.",0,train
"Honestly, the pacing turned out to be masterful. The story felt brilliant to me. The ending was captivating. This documentary felt phenomenal to me. A must-watch for any fan of the genre.",1,train
"To be fair, the director's work was badly acted. This sequel was unconvincing. I found the acting disappointing. The script felt predictable to me. The plot made absolutely no sense.",0,train
"Honestly, i found the whole experience painful to watch. The plot felt confusing to me. I nearly fell asleep halfway through.",0,test
The screenplay turned out to be fantastic. This film was excellent. The story felt delightful to me. I found this drama inspiring. One of the best I've seen this year.,1,train
"In my opinion, the soundtrack turned out to be remarkable. I found the director's work wonderful. I found the pacing incredible. This film turned out to be outstanding. A must-watch for any fan of the genre.",1,train
"In my opinion, i found the dialogue terrible. This drama was awful. It dragged on far too long.",0,train
"Overall, this documentary felt clumsy to me. The story was dreadful. I found the whole experience disappointing. The ending felt dull to me. Nothing about it felt original.",0,train
The movie turned out to be wonderful. I found this documentary outstanding. The script was delightful. This picture was heartwarming. Highly recommended for everyone.,1,train
This sequel was masterful. The pacing felt beautiful to me. The lead actor was masterful. A must-watch for any fan of the genre.,1,train
"Overall, i found the cinematography mediocre. The director's work turned out to be flat. Save your money and skip this one.",0,test
"Overall, i found the pacing impressive. The whole experience turned out to be compelling. A true masterpiece of storytelling.",1,test
"In my opinion, the whole experience was terrible. I found the screenplay dull. Save your money and skip this one.",0,train
The director's work felt compelling to me. This drama turned out to be outstanding. A true masterpiece of storytelling.,1,train
The movie turned out to be dreadful. This film was clumsy. I found the whole experience confusing. I found the performance underwhelming. I expected so much more from this cast.,0,train
"Overall, the story was tedious. The dialogue felt dull to me. The pacing turned out to be disappointing. The whole experience felt forgettable to me. I wouldn't recommend it to anyone.",0,train
"In my opinion, the pacing was excellent. This documentary was amazing. I found this film fantastic. The movie turned out to be superb. I would watch it again.",1,test
"To be fair, the screenplay felt unconvincing to me. The soundtrack was boring. This sequel felt boring to me. I found the ending shallow. I wouldn't recommend it to anyone.",0,test
"To be fair, the movie turned out to be fantastic. The cinematography turned out to be superb. The story was outstanding. A true masterpiece of storytelling.",1,train
"Honestly, this sequel turned out to be unconvincing. The script felt shallow to me. I regret watching it.",0,train
The lead actor turned out to be dull. The soundtrack felt poorly written to me. I wouldn't recommend it to anyone.,0,train
"Overall, the ending was gripping. I found the dialogue wonderful. This drama turned out to be fantastic. Everyone in the theatre applauded.",1,train
"Honestly, the soundtrack was gripping. The whole experience felt brilliant to me. I found the director's work inspiring. I was moved to tears.",1,train
"Overall, i found the lead actor excellent. I found the cinematography excellent. The story turned out to be outstanding. I was moved to tears.",1,train
"To be fair, i found the pacing captivating. This drama was compelling. The plot was incredible. Highly recommended for everyone.",1,train
I found the movie painful to watch. The story was clumsy. The lead actor felt predictable to me. The plot made absolutely no sense.,0,train
The performance turned out to be excellent. This sequel turned out to be amazing. The script turned out to be compelling. Highly recommended for everyone.,1,test
"Overall, this picture felt compelling to me. The story felt heartwarming to me. The screenplay turned out to be impressive. A must-watch for any fan of the genre.",1,train
"Honestly, the acting was brilliant. The lead actor was masterful. This picture turned out to be impressive. I found this drama incredible. A true masterpiece of storytelling.",1,train
"Honestly, this sequel felt wonderful to me. The movie was impressive. I found the soundtrack fantastic. The story turned out to be compelling. I would watch it again.",1,test
"To be fair, the soundtrack felt fantastic to me. The story felt superb to me. This sequel turned out to be heartwarming. The script was captivating. A true masterpiece of storytelling.",1,train
"Honestly, the script was lifeless. The director's work was forgettable. This film felt confusing to me. I wouldn't recommend it to anyone.",0,train
"In my opinion, the ending was brilliant. The script felt gripping to me. I would watch it again.",1,train
"Honestly, the lead actor felt tedious to me. The director's work felt predictable to me. The pacing felt terrible to me. I nearly fell asleep halfway through.",0,test
"To be fair, this sequel was confusing. The performance felt lifeless to me. Save your money and skip this one.",0,test
"In my opinion, the performance felt compelling to me. The plot turned out to be gripping. This sequel was masterful. This documentary turned out to be amazing. It kept me hooked from start to finish.",1,train
"Honestly, the soundtrack was incredible. I found the performance excellent. The whole experience turned out to be brilliant. A must-watch for any fan of the genre.",1,train
The lead actor felt awful to me. The performance was unconvincing. The acting turned out to be predictable. A complete waste of time and money.,0,train
"In my opinion, the acting turned out to be remarkable. This film felt excellent to me. The movie was fantastic. Highly recommended for everyone.",1,test
"To be fair, the plot felt remarkable to me. This documentary turned out to be amazing. The whole experience felt phenomenal to me. I was moved to tears.",1,train
"In my opinion, the story turned out to be outstanding. I found the cinematography compelling. This film was captivating. The whole experience was captivating. The emotional depth was incredible.",1,test
This drama was heartwarming. I found the whole experience impressive. The director's work felt masterful to me. Worth every minute of my time.,1,train
"In my opinion, i found the dialogue confusing. The plot turned out to be confusing. I found this picture underwhelming. A complete waste of time and money.",0,train
"In my opinion, the soundtrack felt painful to watch to me. The director's work was unconvincing. Save your money and skip this one.",0,train
"Overall, this sequel turned out to be brilliant. I found this drama superb. The acting was incredible. The whole experience was compelling. One of the best I've seen this year.",1,train
"In my opinion, the soundtrack turned out to be impressive. I found the movie delightful. The cinematography felt wonderful to me. A true masterpiece of storytelling.",1,train
The lead actor turned out to be lifeless. I found the cinematography tedious. I found the script tedious. The soundtrack was lifeless. Nothing about it felt original.,0,test
"In my opinion, i found this drama wonderful. The screenplay was superb. The whole experience was excellent. It kept me hooked from start to finish.",1,test
The movie turned out to be clumsy. I found this sequel dull. This film turned out to be awful. I regret watching it.,0,train
"Overall, the whole experience felt forgettable to me. The cinematography felt terrible to me. The acting was forgettable. The director's work turned out to be disappointing. A complete waste of time and money.",0,train
"Overall, i found the pacing confusing. The plot was shallow. This picture felt terrible to me. The story turned out to be confusing. It dragged on far too long.",0,train
The movie felt flat to me. The performance was predictable. The director's work felt shallow to me. The lead actor was lifeless. Nothing about it felt original.,0,train
"Honestly, the acting turned out to be remarkable. I found the cinematography impressive. The story was fantastic. A true masterpiece of storytelling.",1,test
"Honestly, this drama was wonderful. The movie felt heartwarming to me. A must-watch for any fan of the genre.",1,train
The lead actor turned out to be outstanding. The plot turned out to be brilliant. It kept me hooked from start to finish.,1,train
"Honestly, the soundtrack was excellent. I found this film masterful. The acting was masterful. I found this sequel delightful. I was moved to tears.",1,train
"Honestly, the cinematography was remarkable. This film felt captivating to me. I found the acting gripping. A true masterpiece of storytelling.",1,test
"To be fair, the acting turned out to be fantastic. The dialogue felt impressive to me. The pacing felt masterful to me. It kept me hooked from start to finish.",1,train
I found the performance fantastic. I found the story excellent. The whole experience felt incredible to me. I was moved to tears.,1,test
"To be fair, this sequel felt masterful to me. The script felt compelling to me. It kept me hooked from start to finish.",1,test
"To be fair, this sequel felt gripping to me. This documentary was superb. I found the cinematography remarkable. Highly recommended for everyone.",1,train
"Overall, the pacing was excellent. I found the screenplay masterful. The cinematography was delightful. This film turned out to be captivating. One of the best I've seen this year.",1,train
This film felt tedious to me. The movie was dull. A complete waste of time and money.,0,train
"In my opinion, i found this film heartwarming. The soundtrack turned out to be masterful. The movie was incredible. I would watch it again.",1,test
"To be fair, the movie turned out to be incredible. This sequel was excellent. I found the story brilliant. The director's work felt impressive to me. I was moved to tears.",1,train
"To be fair, this drama felt delightful to me. This sequel turned out to be amazing. I would watch it again.",1,train
"To be fair, i found the pacing wonderful. I found the screenplay fantastic. Worth every minute of my time.",1,train
This film turned out to be masterful. I found the plot amazing. Everyone in the theatre applauded.,1,train
"In my opinion, the lead actor was wonderful. The pacing was fantastic. This sequel felt incredible to me. The movie felt compelling to me. I would watch it again.",1,train
"Honestly, i found the screenplay masterful. This film felt wonderful to me. The acting felt brilliant to me. I found this sequel compelling. I was moved to tears.",1,train
The director's work turned out to be beautiful. The performance felt brilliant to me. The story was phenomenal. Highly recommended for everyone.,1,train
"Overall, the acting felt wonderful to me. I found the director's work brilliant. The lead actor turned out to be superb. I found the dialogue brilliant. Worth every minute of my time.",1,test
"Honestly, i found the movie incredible. The story was fantastic. The dialogue turned out to be outstanding. Everyone in the theatre applauded.",1,test
"To be fair, i found the director's work disappointing. This documentary felt terrible to me. The lead actor was shallow. The cinematography was unconvincing. I expected so much more from this cast.",0,train
"To be fair, the lead actor felt disappointing to me. The soundtrack felt awful to me. I found the performance tedious. Nothing about it felt original.",0,train
The ending was compelling. I found the whole experience phenomenal. Highly recommended for everyone.,1,train
"Honestly, the director's work was touching. The lead actor felt remarkable to me. The soundtrack turned out to be inspiring. The pacing turned out to be beautiful. It kept me hooked from start to finish.",1,train
"Honestly, this film was painful to watch. This picture felt underwhelming to me. The cinematography was forgettable. The screenplay turned out to be dull. It dragged on far too long.",0,train
The dialogue felt beautiful to me. This sequel turned out to be beautiful. Worth every minute of my time.,1,train
"Honestly, the dialogue was inspiring. I found the ending fantastic. The acting felt excellent to me. I found the performance incredible. I would watch it again.",1,test
"Overall, i found the script incredible. The acting turned out to be wonderful. A must-watch for any fan of the genre.",1,train
"To be fair, i found the performance shallow. This drama turned out to be painful to watch. The script was tedious. I nearly fell asleep halfway through.",0,train
The performance turned out to be amazing. The script turned out to be compelling. I was moved to tears.,1,train
"Overall, the director's work was awful. I found the performance dull. It dragged on far too long.",0,train
"Overall, the performance was painful to watch. The screenplay was dreadful. The dialogue turned out to be awful. Nothing about it felt original.",0,train
The cinematography felt awful to me. This drama was shallow. I found this film mediocre. A complete waste of time and money.,0,train
"Honestly, i found the whole experience flat. This documentary felt badly acted to me. The acting was unconvincing. The soundtrack turned out to be dreadful. I nearly fell asleep halfway through.",0,train
"To be fair, the performance turned out to be heartwarming. I found this drama superb. Everyone in the theatre applauded.",1,test
"To be fair, this documentary was beautiful. The director's work was masterful. I found the script impressive. I found the acting beautiful. One of the best I've seen this year.",1,train
"Honestly, the soundtrack turned out to be excellent. This picture was incredible. This documentary felt incredible to me. A must-watch for any fan of the genre.",1,train
"Overall, the soundtrack felt incredible to me. The whole experience was touching. It kept me hooked from start to finish.",1,train
The lead actor felt wonderful to me. I found the cinematography touching. Everyone in the theatre applauded.,1,test
"To be fair, the pacing turned out to be unconvincing. I found this drama predictable. I found the screenplay forgettable. It dragged on far too long.",0,train
The pacing was dull. I found the performance terrible. I found this drama painful to watch. The dialogue was dreadful. It dragged on far too long.,0,train
"Honestly, i found the script confusing. The soundtrack was underwhelming. The plot made absolutely no sense.",0,train
I found the cinematography dreadful. The performance was awful. The soundtrack was awful. I expected so much more from this cast.,0,train
"Honestly, the cinematography turned out to be underwhelming. This sequel felt predictable to me. The director's work was clumsy. The dialogue felt dull to me. A complete waste of time and money.",0,train
"Overall, the dialogue felt incredible to me. The whole experience was gripping. This drama felt remarkable to me. This documentary felt delightful to me. Worth every minute of my time.",1,train
"In my opinion, this film was brilliant. I found the performance wonderful. The plot was heartwarming. The director's work felt wonderful to me. It kept me hooked from start to finish.",1,test
"In my opinion, the acting felt inspiring to me. The lead actor turned out to be phenomenal. The dialogue was impressive. Highly recommended for everyone.",1,train
"Overall, the ending felt excellent to me. The cinematography turned out to be beautiful. This picture felt impressive to me. The soundtrack was superb. A must-watch for any fan of the genre.",1,train
The movie was dreadful. The ending was mediocre. This film was unconvincing. The screenplay felt lifeless to me. I couldn't wait for it to end.,0,train
"To be fair, this film turned out to be fantastic. This drama turned out to be brilliant. The movie felt excellent to me. The script was masterful. It kept me hooked from start to finish.",1,train
"To be fair, the lead actor turned out to be dreadful. I found the acting boring. It dragged on far too long.",0,train
The dialogue turned out to be superb. I found the acting wonderful. A true masterpiece of storytelling.,1,train
"To be fair, the lead actor felt boring to me. This picture was painful to watch. This documentary turned out to be disappointing. I found this drama flat. I couldn't wait for it to end.",0,test
"In my opinion, the acting was superb. This picture was compelling. Everyone in the theatre applauded.",1,train
"Overall, the story turned out to be awful. I found the dialogue unconvincing. The lead actor felt predictable to me. The acting felt terrible to me. I regret watching it.",0,test
"Overall, the screenplay felt impressive to me. The performance turned out to be delightful. The lead actor was masterful. The plot felt fantastic to me. One of the best I've seen this year.",1,train
"In my opinion, the lead actor was captivating. The story was fantastic. This drama felt touching to me. The ending was touching. Everyone in the theatre applauded.",1,train
"Overall, this documentary was touching. The ending felt touching to me. I found the plot inspiring. The script was touching. Worth every minute of my time.",1,train
"In my opinion, i found the pacing remarkable. The acting was delightful. I would watch it again.",1,test
"Overall, the soundtrack felt impressive to me. I found this sequel outstanding. One of the best I've seen this year.",1,train
The lead actor turned out to be dull. I found the whole experience lifeless. The ending was painful to watch. Save your money and skip this one.,0,train
I found the plot wonderful. I found the soundtrack beautiful. I found the cinematography delightful. I found this picture phenomenal. A true masterpiece of storytelling.,1,train
"Overall, the plot was captivating. This drama felt brilliant to me. The ending turned out to be superb. Highly recommended for everyone.",1,train
"Honestly, this film was captivating. The plot felt wonderful to me. I found this drama gripping. This documentary felt captivating to me. Worth every minute of my time.",1,train
"Overall, the director's work was heartwarming. I found the story excellent. The whole experience was superb. I was moved to tears.",1,test
I found the whole experience beautiful. The ending felt outstanding to me. I found the movie captivating. I found the dialogue superb. Worth every minute of my time.,1,test
"Overall, the dialogue turned out to be confusing. I found the whole experience dreadful. The ending was disappointing. The plot made absolutely no sense.",0,train
This drama was tedious. The soundtrack felt shallow to me. I regret watching it.,0,train
The script was beautiful. I found this documentary fantastic. The soundtrack was amazing. I found the story excellent. Worth every minute of my time.,1,test
"Overall, the acting felt touching to me. The story felt remarkable to me. The script was amazing. A true masterpiece of storytelling.",1,train
The story turned out to be shallow. This picture turned out to be forgettable. The acting turned out to be poorly written. This documentary turned out to be disappointing. A complete waste of time and money.,0,train
"Honestly, the story was mediocre. The lead actor turned out to be mediocre. The performance was disappointing. I found the soundtrack unconvincing. I expected so much more from this cast.",0,train
"In my opinion, this picture was mediocre. The plot was clumsy. The dialogue turned out to be tedious. Nothing about it felt original.",0,train
"In my opinion, the pacing felt underwhelming to me. I found the story predictable. I found this picture flat. A complete waste of time and money.",0,train
"Honestly, i found the plot inspiring. This drama was fantastic. A true masterpiece of storytelling.",1,train
"Overall, the lead actor felt dull to me. The acting turned out to be painful to watch. I couldn't wait for it to end.",0,train
"To be fair, the dialogue turned out to be dreadful. The director's work turned out to be badly acted. The plot turned out to be clumsy. Save your money and skip this one.",0,train
"Honestly, the script felt unconvincing to me. I found this drama shallow. I nearly fell asleep halfway through.",0,train
"Overall, the plot felt delightful to me. The cinematography was excellent. The lead actor turned out to be incredible. The movie was wonderful. I would watch it again.",1,train
I found the pacing outstanding. I found the cinematography compelling. It kept me hooked from start to finish.,1,train
"In my opinion, this film turned out to be delightful. The performance was heartwarming. The soundtrack turned out to be wonderful. A must-watch for any fan of the genre.",1,test
"In my opinion, the plot was wonderful. This film felt heartwarming to me. The story felt beautiful to me. The acting felt wonderful to me. It kept me hooked from start to finish.",1,train
"Overall, i found the dialogue gripping. The soundtrack felt gripping to me. This sequel was excellent. Worth every minute of my time.",1,train
"To be fair, the soundtrack turned out to be forgettable. The dialogue was badly acted. The story felt unconvincing to me. It dragged on far too long.",0,train
"In my opinion, the acting turned out to be impressive. The performance was touching. The screenplay felt wonderful to me. The lead actor turned out to be outstanding. Everyone in the theatre applauded.",1,train
The whole experience was heartwarming. I found the dialogue superb. The script was touching. This drama turned out to be captivating. One of the best I've seen this year.,1,train
"Overall, the story felt amazing to me. I found the dialogue touching. Everyone in the theatre applauded.",1,train
"Overall, the script turned out to be delightful. This picture turned out to be compelling. The plot felt excellent to me. Worth every minute of my time.",1,train
"Overall, i found this documentary inspiring. The screenplay turned out to be wonderful. The ending turned out to be outstanding. I found the script touching. Highly recommended for everyone.",1,train
"Honestly, i found the movie touching. This drama felt phenomenal to me. I found the plot excellent. The story felt heartwarming to me. A must-watch for any fan of the genre.",1,train
The story was phenomenal. I found the acting inspiring. The emotional depth was incredible.,1,test
"To be fair, i found the script painful to watch. I found this picture predictable. The plot made absolutely no sense.",0,train
"Overall, the lead actor felt dreadful to me. The director's work turned out to be shallow. I found the performance painful to watch. I couldn't wait for it to end.",0,train
"Overall, the pacing was underwhelming. The cinematography turned out to be clumsy. Save your money and skip this one.",0,test
"Overall, this sequel turned out to be predictable. The ending felt badly acted to me. The lead actor turned out to be forgettable. It dragged on far too long.",0,train
"Honestly, i found the performance unconvincing. The director's work turned out to be terrible. The acting was dreadful. This film turned out to be unconvincing. I expected so much more from this cast.",0,train
"Overall, the plot turned out to be tedious. The lead actor felt poorly written to me. The performance turned out to be awful. I wouldn't recommend it to anyone.",0,train
The pacing turned out to be boring. The acting turned out to be badly acted. It dragged on far too long.,0,test
The whole experience turned out to be delightful. This documentary was captivating. This sequel turned out to be remarkable. A must-watch for any fan of the genre.,1,test
"To be fair, i found the ending clumsy. This documentary was forgettable. The movie was underwhelming. The cinematography turned out to be predictable. Save your money and skip this one.",0,train
"To be fair, i found the performance gripping. The ending turned out to be amazing. The acting was excellent. I found the director's work masterful. The emotional depth was incredible.",1,train
"Honestly, this drama turned out to be lifeless. This documentary was predictable. I found the story dreadful. I found the script awful. I couldn't wait for it to end.",0,train
The acting was tedious. This film felt dull to me. I nearly fell asleep halfway through.,0,train
The plot was tedious. The movie turned out to be boring. I regret watching it.,0,train
"In my opinion, this picture was dreadful. The lead actor was lifeless. The ending felt unconvincing to me. The dialogue felt terrible to me. I wouldn't recommend it to anyone.",0,train
The screenplay turned out to be phenomenal. The lead actor felt beautiful to me. The story felt beautiful to me. The dialogue turned out to be brilliant. I would watch it again.,1,train
The cinematography felt inspiring to me. The director's work was captivating. I found the acting touching. Worth every minute of my time.,1,train
This sequel was mediocre. The lead actor was unconvincing. The acting was clumsy. The plot made absolutely no sense.,0,train
"Overall, i found the screenplay inspiring. I found the pacing gripping. This film felt remarkable to me. The whole experience turned out to be phenomenal. Highly recommended for everyone.",1,train
"Overall, i found the director's work amazing. The cinematography was remarkable. Worth every minute of my time.",1,train
"Honestly, the whole experience was phenomenal. I found the lead actor wonderful. It kept me hooked from start to finish.",1,test
"In my opinion, the story was captivating. I found the director's work excellent. The whole experience felt masterful to me. It kept me hooked from start to finish.",1,train
The acting turned out to be brilliant. I found this picture compelling. I found the cinematography impressive. The director's work felt delightful to me. One of the best I've seen this year.,1,train
"Honestly, this documentary was poorly written. The performance was confusing. I found the soundtrack disappointing. A complete waste of time and money.",0,train
"To be fair, the screenplay felt beautiful to me. This picture was delightful. The whole experience felt compelling to me. Worth every minute of my time.",1,train
The cinematography felt superb to me. I found the plot masterful. A true masterpiece of storytelling.,1,test
"To be fair, the pacing felt confusing to me. The story felt tedious to me. The director's work felt painful to watch to me. This drama was forgettable. Nothing about it felt original.",0,train
"To be fair, i found this film fantastic. The whole experience felt compelling to me. I found this documentary wonderful. Highly recommended for everyone.",1,test
The pacing was shallow. The lead actor was unconvincing. The plot made absolutely no sense.,0,train
"Honestly, the movie turned out to be fantastic. This film felt impressive to me. The performance turned out to be amazing. A true masterpiece of storytelling.",1,test
"To be fair, this picture turned out to be amazing. I found the cinematography brilliant. The ending felt beautiful to me. Worth every minute of my time.",1,train
"To be fair, i found the performance painful to watch. I found the movie dreadful. I found this drama shallow. The pacing turned out to be flat. Nothing about it felt original.",0,train
"In my opinion, the movie felt touching to me. The plot turned out to be outstanding. This sequel turned out to be beautiful. I found the director's work captivating. Everyone in the theatre applauded.",1,train
"To be fair, i found this picture tedious. The cinematography was mediocre. A complete waste of time and money.",0,train
"Honestly, the movie felt compelling to me. I found the ending fantastic. Worth every minute of my time.",1,train
"Honestly, i found the lead actor forgettable. The director's work turned out to be dreadful. The plot turned out to be disappointing. I wouldn't recommend it to anyone.",0,train
I found this documentary awful. The cinematography felt flat to me. I found this drama clumsy. The story felt painful to watch to me. I wouldn't recommend it to anyone.,0,train
The whole experience turned out to be painful to watch. The screenplay was poorly written. I found the plot painful to watch. The acting felt tedious to me. It dragged on far too long.,0,train
"In my opinion, this film turned out to be lifeless. The ending felt poorly written to me. The script turned out to be painful to watch. The pacing turned out to be dull. I regret watching it.",0,test
The soundtrack was boring. The pacing was poorly written. I nearly fell asleep halfway through.,0,test
"Overall, this picture felt heartwarming to me. The whole experience felt amazing to me. Highly recommended for everyone.",1,test
The acting was excellent. The soundtrack felt brilliant to me. The dialogue turned out to be wonderful. The movie felt compelling to me. A true masterpiece of storytelling.,1,test
"In my opinion, this drama turned out to be inspiring. The soundtrack turned out to be wonderful. I found the director's work gripping. I found this picture remarkable. Worth every minute of my time.",1,train
"Honestly, i found the cinematography shallow. The plot turned out to be unconvincing. The dialogue felt badly acted to me. The acting was forgettable. I couldn't wait for it to end.",0,train
"To be fair, i found this drama incredible. I found the pacing delightful. I was moved to tears.",1,train
"In my opinion, the pacing felt forgettable to me. The story turned out to be forgettable. The plot made absolutely no sense.",0,train
"Overall, the plot was awful. The screenplay turned out to be disappointing. The whole experience turned out to be flat. A complete waste of time and money.",0,train
"In my opinion, this picture was fantastic. This sequel felt fantastic to me. I found this documentary impressive. Worth every minute of my time.",1,train
"In my opinion, the script was dreadful. This documentary was dull. I expected so much more from this cast.",0,train
